artist_id,artist_name,danceability,energy,loudness,speechiness,acousticness,instrumentalness,liveness,valence,tempo
68kEuyFKyqrdQQLLsmiatm,Vince Staples,0.75,0.62,-7.31,0.23,0.34,0.01,0.32,0.42,117.9
0VRj0yCOv2FXJNP47XQnx5,Quavo,0.76,0.65,-5.36,0.16,0.12,0.0,0.15,0.42,143.1
6extd4B6hl8VTmnlhpl2bY,Huncho Jack,0.78,0.7,-3.87,0.1,0.03,0.0,0.18,0.3,144.23
7v9bFXCdSMA2o3gS4nvp0F,Pimp C,0.74,0.72,-5.84,0.22,0.05,0.0,0.22,0.52,106.04
46SHBwWsqBkxI7EeeBEQG7,Kodak Black,0.8,0.61,-6.29,0.13,0.15,0.0,0.16,0.45,120.63
13y7CgLHjMVRMDqxdx0Xdo,Gucci Mane,0.76,0.61,-7.34,0.23,0.08,0.0,0.2,0.52,143.53
757aE44tKEUQEqRuT6GnEB,Roddy Ricch,0.79,0.59,-7.84,0.2,0.16,0.0,0.2,0.44,110.01
6oMuImdp5ZcFhWP0ESe6mG,Migos,0.86,0.66,-5.17,0.18,0.12,0.0,0.17,0.42,145.4
0c173mlxpT3dSFRgMO8XPh,Big Sean,0.75,0.62,-5.96,0.15,0.12,0.0,0.3,0.4,115.4
0399oiMcmbOzzsYQDNYqxn,Problem,0.76,0.58,-8.22,0.18,0.14,0.0,0.18,0.45,108.48
53vU7rkyiBnzwJiNRtsVhP,El Dreamer,0.7,0.58,-9.22,0.11,0.29,0.0,0.19,0.57,122.25
28ExwzUQsvgJooOI0X1mr3,Jay Rock,0.74,0.68,-5.74,0.24,0.1,0.0,0.19,0.48,119.32
0g9vAlRPK9Gt3FKCekk4TW,Ab-Soul,0.63,0.7,-7.24,0.28,0.18,0.0,0.19,0.5,120.66
1LLLSWPhaDaK6GptiHF6E7,DJ Sancho,0.71,0.72,-6.64,0.08,0.15,0.06,0.16,0.7,122.1
0QHgL1lAIqAw0HtD7YldmP,DJ Khaled,0.61,0.64,-4.9,0.14,0.06,0.0,0.21,0.4,122.0
5uocog8cIUnlVgSR6NME6C,Pharoah,0.71,0.6,-7.93,0.25,0.12,0.03,0.16,0.44,126.22
169dGCqUzDYKQzeR5sU2DT,Wreckless Klan,0.64,0.46,-12.87,0.28,0.05,0.04,0.17,0.43,118.68
75WcpJKWXBV3o3cfluWapK,Lute,0.72,0.64,-6.46,0.26,0.27,0.0,0.18,0.44,109.92
1iNqsUDUraNWrj00bqssQG,Dreamville,0.68,0.64,-6.66,0.34,0.24,0.0,0.12,0.48,134.72
70gP6Ry4Uo0Yx6uzPIdaiJ,Bas,0.73,0.56,-7.37,0.16,0.35,0.0,0.17,0.45,119.88
2RDOrhPqAM4jzTRCEb19qX,Sheck Wes,0.76,0.58,-7.15,0.2,0.18,0.15,0.23,0.39,134.85
4FlG0V0jhLO4qGpayFOphj,EST Gee,0.75,0.57,-7.41,0.21,0.06,0.0,0.13,0.39,141.33
3HiuzBlSW7pGDXlSFMhO2g,Young Dolph,0.86,0.63,-6.01,0.16,0.11,0.0,0.16,0.4,138.4
4L02qjtK3vNGZpz7hEMMfM,Big Steve,0.73,0.58,-6.81,0.37,0.11,0.0,0.24,0.62,92.93
1Xfmvd48oOhEWkscWyEbh9,Lloyd,0.62,0.68,-5.97,0.14,0.11,0.0,0.13,0.49,120.66
5xUMw9vaS567MBBjsoLslo,Yung L.A.,0.62,0.6,-7.71,0.27,0.09,0.0,0.3,0.42,110.58
3ZooCJzNMTLpmJaIRUEorI,Young Dro,0.79,0.65,-6.64,0.24,0.06,0.0,0.14,0.6,123.48
7pFeBzX627ff0VnN6bxPR4,Desiigner,0.7,0.63,-6.14,0.19,0.1,0.0,0.23,0.35,122.71
2P5sC9cVZDToPxyomzF1UH,Joey Bada$$,0.67,0.72,-5.27,0.27,0.3,0.0,0.35,0.61,134.93
6z1cicLMt9XArxN10q7m8a,Travis Porter,0.89,0.64,-6.78,0.16,0.09,0.0,0.18,0.65,117.17
4QsUyMUsPjS34t06pGpsyH,Crooked Stilo,0.8,0.77,-5.45,0.21,0.26,0.0,0.17,0.69,110.73
2UFRl9BW2NQ73nh8KhYEBh,David Rolas,0.77,0.75,-6.09,0.13,0.09,0.0,0.17,0.73,101.69
2hOdJgrCf4Q7ysRpQGQYze,3rd Degree,0.71,0.62,-6.96,0.26,0.16,0.01,0.18,0.44,114.28
7AwjoITXTd0fHhNXXq0Hwq,Woss Ness,0.77,0.66,-6.42,0.29,0.07,0.0,0.19,0.6,113.56
1grI9x4Uzos1Asx8JmRW6T,Lil' Keke,0.73,0.68,-6.59,0.32,0.04,0.0,0.27,0.62,133.38
45a6gCQWq61lIUDmr1tKuO,Bun B,0.63,0.7,-5.21,0.25,0.08,0.0,0.3,0.46,108.62
6TC6ZeVdvCuBSn32h5Msul,DJ Screw,0.8,0.49,-10.78,0.32,0.12,0.04,0.29,0.6,132.64
1J6iGa2TNBDCrJzjsnI1a8,Big Pokey,0.68,0.74,-5.78,0.23,0.16,0.0,0.32,0.6,139.92
0BqIo7Wcnd2W8JPUXDHBUi,Big Lokote,0.73,0.67,-7.4,0.22,0.12,0.09,0.21,0.42,108.28
1URnnhqYAYcrqrcwql10ft,21 Savage,0.8,0.65,-6.28,0.15,0.12,0.02,0.17,0.3,123.81
50co4Is1HCEo8bhOyUWKpn,Young Thug,0.77,0.61,-7.02,0.17,0.11,0.0,0.21,0.42,120.26
1RyvyyTE3xzB2ZywiAwp0i,Future,0.73,0.57,-6.41,0.23,0.08,0.07,0.19,0.28,121.68
0iEtIxbK0KxaSlF7G42ZOp,Metro Boomin,0.87,0.54,-7.9,0.12,0.29,0.0,0.15,0.53,102.33
4yBK75WVCQXej1p04GWqxH,Jeezy,0.66,0.76,-5.65,0.13,0.05,0.0,0.23,0.41,101.73
699OTQXzgjhIYAHMy9RyPD,Playboi Carti,0.72,0.7,-5.89,0.19,0.1,0.0,0.28,0.39,148.34
6Xgp2XMz1fhVYe7i6yNAax,Trippie Redd,0.64,0.64,-5.75,0.11,0.13,0.0,0.23,0.36,124.12
7BMccF0hQFBpP6417k1OtQ,Action Bronson,0.57,0.72,-6.12,0.26,0.3,0.0,0.27,0.6,111.54
4JWrJWd0QAqRpComJtrIis,Lifestyl,0.85,0.6,-7.36,0.22,0.17,0.0,0.25,0.58,114.24
51kTvHlt3qVo3sChDlysl6,RoyalT,0.77,0.63,-6.17,0.18,0.1,0.0,0.15,0.49,97.55
6JG2QQcaQBzinELNvu9PRk,Bipo Montana,0.79,0.52,-7.81,0.31,0.39,0.0,0.11,0.63,108.92
4VECwDIJ0DYczPqCyP85kQ,Jay Romero,0.8,0.59,-7.53,0.28,0.33,0.0,0.11,0.66,130.19
4V2V4PaSblStayYVWTGDbZ,Geassassin,0.8,0.6,-7.05,0.34,0.26,0.01,0.12,0.65,95.34
5MRMYpdAWZawm3ivBeWvdK,Teeam Revolver,0.72,0.57,-8.95,0.33,0.28,0.01,0.16,0.65,124.93
2HeV7SaeXiEdRp9mwu3D6e,E.S.G.,0.76,0.55,-10.08,0.21,0.09,0.0,0.22,0.52,112.31
0huGjMyP507tBCARyzSkrv,Cordae,0.74,0.67,-6.24,0.31,0.15,0.0,0.19,0.52,115.57
3jahzTuztFVegfKXChatkY,Trillville,0.77,0.68,-7.4,0.25,0.14,0.0,0.26,0.69,106.3
3sxMqvKboYdEkFJsE8NKlx,Proper Dos,0.8,0.74,-6.44,0.22,0.17,0.0,0.15,0.68,108.1
0WOxhx4hikIsyF3CRPLC8W,Famous Dex,0.76,0.67,-6.25,0.24,0.09,0.0,0.21,0.54,137.63
4VI3MaFLcxU9LRzQQ6r2ri,Doll-E Girl,0.68,0.63,-6.39,0.1,0.43,0.0,0.27,0.65,109.14
6JsAiEcQyEkY9c5Cv5IIwv,Fat Bastard,0.75,0.55,-8.77,0.44,0.18,0.0,0.36,0.58,108.48
3IbbhZMhvYcCTmqWNP3qA1,Tum Tum,0.78,0.57,-7.73,0.29,0.02,0.0,0.15,0.54,144.37
2ioz5NKUj6650H80elrBGd,Mr. Pookie,0.86,0.56,-7.72,0.14,0.09,0.0,0.17,0.61,115.11
3bePxeph4fumKKuo7KHqVF,DJ Payback Garcia,0.77,0.7,-7.02,0.2,0.14,0.0,0.21,0.65,118.24
6vHBuUxrcpn1do5UaEJ7g6,Domo Genesis,0.49,0.8,-5.26,0.35,0.28,0.0,0.46,0.52,99.95
1sBkRIssrMs1AbVkOJbc7a,Rick Ross,0.58,0.7,-5.33,0.2,0.07,0.0,0.21,0.39,121.68
7C7Y21TW1uy3BdRMdvICRC,Slow Pain,0.77,0.63,-7.47,0.18,0.04,0.0,0.18,0.6,95.74
1nSpOxq3pcgomrfpXudQuq,Kirk Knight,0.56,0.76,-5.97,0.24,0.31,0.0,0.29,0.41,96.97
1ZyUXvaBXUsIZ3JD6jYGkt,Nyck Caution,0.67,0.67,-6.98,0.22,0.35,0.0,0.2,0.6,134.2
1fQWUHoSWhlrc9rmHi2xnE,Nbdy,0.6,0.51,-8.53,0.11,0.37,0.0,0.12,0.38,122.9
7iZtZyCzp3LItcw1wtPI3D,Rae Sremmurd,0.79,0.58,-6.65,0.14,0.15,0.0,0.12,0.38,147.5
5yPzzu25VzEk8qrGTLIrE1,Young Nudy,0.76,0.62,-6.98,0.31,0.13,0.0,0.15,0.48,133.94
3x3jSlhyv5CiCZDZlaTq0M,Pi’erre Bourne,0.64,0.51,-7.86,0.13,0.21,0.0,0.21,0.36,125.54
5dHt1vcEm9qb8fCyLcB3HL,A$AP Ferg,0.8,0.73,-5.03,0.18,0.1,0.02,0.25,0.45,126.04
6vXTefBL93Dj5IqAWq6OTv,French Montana,0.71,0.74,-4.3,0.19,0.06,0.0,0.33,0.56,146.72
0NWbwDZY1VkRqFafuQm6wk,Mike WiLL Made-It,0.72,0.65,-5.55,0.14,0.15,0.02,0.21,0.28,135.39
3EIX8WuD9ybB4ruz0MSilB,Lil Gnar,0.69,0.7,-7.07,0.23,0.08,0.0,0.13,0.47,138.83
50nNZIMfSVOSOoZNPfgFCU,Reno871,0.64,0.66,-8.12,0.24,0.47,0.0,0.18,0.65,108.93
3fo4UvMNzZUCFS90Roh5iK,Eptos Uno,0.69,0.77,-5.36,0.28,0.19,0.0,0.2,0.67,121.78
137W8MRPWKqSmrBGDBFSop,Wiz Khalifa,0.67,0.68,-5.73,0.11,0.18,0.0,0.23,0.55,138.63
17lzZA2AlOHwCwFALHttmp,2 Chainz,0.72,0.64,-6.25,0.25,0.04,0.0,0.18,0.45,114.33
0c8wV1AM6Kfnc55UBww5pG,Malow Mac,0.75,0.69,-6.93,0.19,0.18,0.0,0.14,0.66,95.82
1ZjnlOrZGi1NXkHyr1cEP0,South Park Coalition,0.68,0.76,-6.28,0.33,0.2,0.0,0.24,0.64,111.49
3yaUiAms7Zczk548Rqt7pi,Jae-P,0.77,0.73,-5.25,0.16,0.2,0.0,0.19,0.74,110.86
3AdY4ZU741vIdM0oUNIDns,New Ridaz,0.7,0.65,-5.6,0.08,0.21,0.0,0.12,0.62,128.47
7JFXIgxfNfMRmMj8NPRFb9,Big Tuck,0.71,0.72,-5.82,0.3,0.06,0.0,0.25,0.57,128.96
68jLiaqKg9hQGgiM0qGGif,Mr. Lucci,0.84,0.55,-8.81,0.28,0.07,0.0,0.25,0.68,124.15
3aQeKQSyrW4qWr35idm0cy,T-Pain,0.73,0.56,-7.53,0.11,0.07,0.0,0.19,0.5,108.17
2AAz6qvs77EPQh8pFoaj54,Screwed Up Click,0.68,0.68,-6.63,0.29,0.11,0.02,0.2,0.61,112.38
4ubKsFJjMgWkARG6w2Qlv8,Vado,0.6,0.74,-7.31,0.39,0.23,0.0,0.2,0.48,107.33
5LHRHt1k9lMyONurDHEdrp,Tyga,0.83,0.61,-5.38,0.16,0.1,0.0,0.1,0.44,125.21
7c0XG5cIJTrrAgEC3ULPiq,Ty Dolla $ign,0.65,0.66,-5.82,0.11,0.18,0.0,0.21,0.43,112.42
5ZS223C6JyBfXasXxrRqOk,Jhené Aiko,0.61,0.55,-8.53,0.12,0.32,0.02,0.15,0.41,118.77
0Y4inQK6OespitzD6ijMwb,Freddie Gibbs,0.65,0.62,-8.31,0.22,0.39,0.0,0.17,0.6,94.66
7FBDXY8U17aasVTH3rgxbS,Bankroll Fresh,0.78,0.55,-8.47,0.13,0.06,0.0,0.14,0.34,121.72
3vDUJHQtqT3jFRZ2ECXDTi,Lloyd Banks,0.7,0.75,-4.17,0.28,0.11,0.0,0.26,0.62,134.66
4pr7J7wzgObkE3DD3Izi7q,Young Buck,0.69,0.69,-5.35,0.2,0.18,0.0,0.15,0.51,116.11
5lHRUCqkQZCIWeX7xG4sYT,Rich Homie Quan,0.7,0.55,-8.59,0.25,0.12,0.0,0.26,0.55,118.4
6KZDXtSj0SzGOV705nNeh3,Kid Ink,0.7,0.61,-6.08,0.08,0.11,0.0,0.21,0.4,116.26
0A0FS04o6zMoto8OKPsDwY,YG,0.74,0.55,-6.69,0.18,0.14,0.0,0.17,0.41,136.02
20sxb77xiYeusSH8cVdatc,Meek Mill,0.65,0.64,-5.4,0.2,0.2,0.0,0.26,0.37,110.41
3Y7RZ31TRPVadSFVy1o8os,H.E.R.,0.57,0.43,-9.92,0.14,0.4,0.0,0.14,0.26,98.72
3lrhy6KigCHdcc0vOSTWoI,Mime 871,0.66,0.7,-6.37,0.29,0.55,0.0,0.15,0.6,102.73
7qxxovidg4eV9UNiu2LY4L,Lil Bandit,0.73,0.71,-6.35,0.22,0.26,0.0,0.23,0.63,115.66
6aIm51fHkokqlJn2vzNTH8,Webbie,0.77,0.68,-5.43,0.17,0.09,0.0,0.19,0.51,155.88
7yO4IdJjCEPz7YgZMe25iS,A$AP Mob,0.78,0.69,-5.93,0.22,0.17,0.0,0.17,0.42,119.93
7zICaxnDB9ZprDSiFpvbbW,Master P,0.7,0.63,-6.65,0.25,0.04,0.0,0.22,0.46,113.96
0iEVT8dLNSSmipPOrDGu2z,Silkk The Shocker,0.77,0.66,-6.42,0.27,0.07,0.0,0.27,0.5,131.47
4135eJjHCRw5SuVzLfzR0x,C-Murder,0.78,0.67,-6.57,0.3,0.03,0.03,0.23,0.59,126.45
5GQgxUq4MOuXXV99WrRuev,Young Bleed,0.73,0.7,-6.46,0.25,0.06,0.01,0.17,0.56,116.98
6Hb6mldg6C2LSAvlbIFA0t,Mark Gaboda,0.76,0.45,-13.1,0.4,0.17,0.0,0.24,0.55,119.25
1I5u5Umau1AgHl0ZbPL1oR,Lil Cuete,0.71,0.66,-6.44,0.12,0.23,0.0,0.2,0.53,118.15
0EeQBlQJFiAfJeVN2vT9s0,Nipsey Hussle,0.64,0.77,-5.07,0.28,0.09,0.0,0.33,0.35,100.75
3s8alQfNnY0roAHaJh7Xxt,Dom Kennedy,0.68,0.57,-6.14,0.22,0.16,0.0,0.2,0.37,100.6
7bpDJUH5hnffIYHID6h3Et,Caleborate,0.74,0.42,-11.13,0.31,0.58,0.0,0.12,0.55,109.01
5einkgXXrjhfYCyac1FANB,Lil Scrappy,0.74,0.69,-5.9,0.32,0.09,0.0,0.29,0.56,82.09
4Yj490bi1KL0QpDnVOtHyr,Big Moe,0.76,0.63,-6.49,0.19,0.18,0.0,0.22,0.7,116.14
49rH1OsO47Bo2UibC6Se4Q,Botany Boyz,0.82,0.53,-8.86,0.25,0.1,0.08,0.2,0.57,117.25
7a9KRWdaSZktpGGnWndzbC,Black Hippy,0.67,0.65,-7.75,0.35,0.2,0.0,0.31,0.45,112.2
0ZvobuPpnh1X20UpQnXkRx,Lil Sicko,0.75,0.71,-6.52,0.23,0.05,0.0,0.24,0.53,106.62
6Su4V3FShc12WLiMRApLeW,Travieso,0.81,0.6,-5.94,0.31,0.12,0.0,0.23,0.5,106.97
3ykdYhlVieu2rlYCi5HZnT,Lil Blacky,0.73,0.65,-7.39,0.19,0.04,0.0,0.17,0.53,130.1
6tBnRI3ubWYclKSbGvGtKd,Soulja Slim,0.77,0.73,-6.54,0.28,0.08,0.0,0.15,0.67,126.76
7mDU6nMUJnOSY2Hkjz5oqM,Roy Woods,0.67,0.56,-7.51,0.1,0.17,0.0,0.12,0.34,122.1
6Uo1hEkf3QaOtDEN5frwVq,Westside Cartel,0.89,0.58,-9.25,0.28,0.23,0.0,0.22,0.64,109.01
3hcs9uc56yIGFCSy9leWe7,Lil Durk,0.75,0.61,-7.32,0.16,0.08,0.0,0.16,0.52,128.85
6l3HvQ5sa6mXTsMTB19rO5,J. Cole,0.69,0.6,-8.16,0.22,0.24,0.01,0.21,0.41,114.17
1Zatb2YN4erBOoSivOXc0o,O.T. Genasis,0.86,0.64,-4.96,0.18,0.11,0.0,0.17,0.4,128.36
0TkqXdyWLsssJH7okthMPQ,Jay Electronica,0.56,0.64,-9.5,0.24,0.32,0.01,0.29,0.55,107.54
2cADQgiLMjNhbsfeN52Bf3,Swizz Beatz,0.64,0.8,-4.9,0.23,0.1,0.0,0.32,0.49,106.0
5c6zqnWXNHg6PJrJtAARpk,Chalie Boy,0.73,0.58,-8.1,0.19,0.11,0.0,0.29,0.69,132.47
0f2YkMXwFNJNSX7MymevKE,Kaash Paige,0.56,0.42,-9.34,0.11,0.5,0.0,0.18,0.33,111.99
3EsPYCSw4x0PlRiRgsaxjj,Herschelwood Hardheadz,0.71,0.63,-6.9,0.26,0.08,0.0,0.15,0.56,119.28
6B16XZWuJ9VERn7pXxCIda,8Ball,0.77,0.68,-5.82,0.22,0.09,0.0,0.17,0.54,127.6
6pDFdYZARPitpkfm44UsOQ,MJG,0.83,0.66,-7.94,0.19,0.02,0.0,0.18,0.61,136.03
3Y365ZqTf6fJ4ZcRnLKPGt,Gorilla Zoe,0.76,0.71,-5.79,0.14,0.19,0.02,0.22,0.49,130.75
4kM4KKtWYB7GVtAfKxE7pO,Guerilla Maab,0.81,0.69,-8.09,0.21,0.25,0.0,0.2,0.7,128.25
6g8AmloI8egfrr3dm3SnUL,TWENTY88,0.56,0.63,-8.38,0.3,0.14,0.0,0.32,0.45,118.37
3fDGRNpnPPjzL3aJjKoUEs,Seldom Seen,0.81,0.59,-6.93,0.2,0.1,0.09,0.14,0.55,116.73
4AllEJE7mVkhhyUV6DjqPz,D4L,0.81,0.54,-8.25,0.22,0.08,0.0,0.18,0.55,112.44
5oNgAs7j5XcBMzWv3HAnHG,DJ Drama,0.6,0.64,-7.16,0.24,0.19,0.0,0.25,0.4,124.54
5f7VJjfbwm532GiveGC0ZK,Lil Baby,0.84,0.49,-7.07,0.32,0.1,0.0,0.17,0.29,116.12
2hlmm7s2ICUX0LVIhVFlZQ,Gunna,0.83,0.48,-7.6,0.15,0.24,0.0,0.23,0.33,121.01
4Gso3d4CscCijv0lmajZWs,Don Toliver,0.74,0.61,-6.27,0.07,0.26,0.04,0.2,0.44,128.46
3TVXtAsR1Inumwj472S9r4,Drake,0.7,0.54,-7.77,0.17,0.08,0.01,0.23,0.34,128.14
5pnbUBPifNnlusY8kTBivi,Jadakiss,0.56,0.8,-4.99,0.31,0.11,0.0,0.25,0.54,128.11
6X8WdFjrNhXATMDSs26aCc,Curren$y,0.63,0.7,-6.66,0.22,0.18,0.0,0.19,0.5,121.38
6okYliJaC9bNemn3hTDw73,Califa Thugs,0.69,0.63,-5.85,0.17,0.22,0.0,0.11,0.6,115.49
5bgfj5zUoWpyeVatGDjn6H,K CAMP,0.75,0.5,-8.77,0.25,0.21,0.0,0.18,0.49,137.95
6AMa1VFQ7qCi61tCRtVWXe,Jim Jones,0.65,0.72,-6.02,0.32,0.15,0.0,0.21,0.51,116.81
0PGtMx1bsqoCHCy3MB3gXA,Unk,0.74,0.79,-4.9,0.16,0.14,0.0,0.25,0.64,125.07
6IyAJxxinFuOJpDiDfZC0A,Southside Playaz,0.79,0.74,-5.34,0.28,0.1,0.0,0.17,0.6,118.96
6r0GI8lrFiaEcd4WJ5m3vo,Lone Star Ridaz,0.76,0.62,-6.32,0.23,0.11,0.0,0.19,0.51,122.16
0lonFu7VSFRgkX3ucmgF0u,The Most Hated,0.79,0.69,-7.23,0.2,0.09,0.01,0.21,0.48,102.38
2HpeQd3eecBJ1cPR7SLcrP,Mc Luka,0.79,0.6,-7.0,0.32,0.13,0.0,0.13,0.63,107.75
5QRuZQGn0xYKdLws2XBehT,Frank V,0.71,0.73,-5.94,0.29,0.1,0.04,0.18,0.6,114.34
0KFDhShITLPG6xBOQPs997,Mr. Shadow,0.81,0.62,-7.38,0.26,0.08,0.0,0.14,0.55,111.09
38HFp5OVCJTRO3GqFiOKdr,Young Trav,0.73,0.6,-8.5,0.21,0.15,0.0,0.17,0.44,107.61
3D04N2X2w6vUGeyG94FBaY,Pastor Troy,0.74,0.79,-4.13,0.19,0.05,0.0,0.2,0.47,137.73
61qMnYXa1GxSBoV3IiYKjZ,Yung Pinch,0.72,0.61,-6.83,0.08,0.12,0.0,0.13,0.49,136.9
6d2m7hBhIl9r3j8jHbR8BB,Mr Chino,0.68,0.42,-15.17,0.24,0.2,0.02,0.17,0.55,126.38
1WyuwjAyePxzrlsD9Ez0un,Young Trigger,0.81,0.54,-8.72,0.27,0.25,0.0,0.22,0.58,105.63
6FqXAd1hQl7vVdIQ3hhtgc,D. Savage,0.64,0.58,-8.85,0.22,0.17,0.08,0.19,0.36,129.91
0iY5tbHngnv5lWS431taMY,Soldier Ink,0.78,0.55,-8.03,0.3,0.14,0.0,0.12,0.49,110.22
2J257euzcjnDLipsyJH3F2,Clipse,0.66,0.72,-4.16,0.3,0.24,0.0,0.23,0.59,105.52
7HT3XXX0J4eoJn5MYBVnmf,Cuete Yeska,0.67,0.71,-6.8,0.16,0.23,0.0,0.23,0.6,112.61
0fA0VVWsXO9YnASrzqfmYu,Kid Cudi,0.68,0.62,-6.78,0.07,0.27,0.09,0.22,0.52,125.02
0P8YNJXX7QeQ8iZIUCXJgi,The Diplomats,0.59,0.76,-4.79,0.29,0.11,0.0,0.37,0.68,102.74
4Q5sPmM8j4SpMqL4UA1DtS,Lil' Flip,0.76,0.59,-7.34,0.27,0.07,0.0,0.21,0.59,116.26
1JHdMI7wMEirtNqMaSazJ5,Sleepy Malo,0.78,0.68,-6.9,0.26,0.07,0.0,0.14,0.66,108.77
1Yg9lgBUJBpWJc2jcfrVra,Mister D,0.65,0.67,-7.2,0.2,0.11,0.0,0.22,0.52,110.39
4psGUknTSXLKfT7wrdckRg,Baby Wicked,0.77,0.54,-7.9,0.16,0.18,0.01,0.12,0.58,126.54
7FJZ5oy5kdpkqWYL2RGvRR,Sociedad Café,0.77,0.73,-5.57,0.2,0.08,0.0,0.19,0.54,106.27
1zT1cW7yHZo4jUwGIy8Z6P,Criminal Elament,0.71,0.6,-10.07,0.29,0.11,0.0,0.15,0.51,138.5
0bZ9jANLkwEFVcSnHnwrpb,UnoTheActivist,0.66,0.56,-8.9,0.14,0.05,0.0,0.28,0.32,133.99
4O15NlyKLIASxsJ0PrXPfz,Lil Uzi Vert,0.69,0.67,-6.21,0.13,0.18,0.01,0.14,0.45,127.26
4BxD7dcIktd3Hfd3zP083u,D-Gotti,0.67,0.66,-7.03,0.3,0.13,0.0,0.23,0.48,120.2
7kFfY4UjNdNyaeUgLIEbIF,DeJ Loaf,0.64,0.6,-7.68,0.19,0.22,0.0,0.14,0.37,103.08
4tMm1dU6Gn04VAZ9ClHcIZ,Jacquees,0.68,0.56,-7.54,0.1,0.17,0.0,0.15,0.4,129.02
1RhOh9I75vVWEDmzRVkRUz,Ms Krazie,0.83,0.64,-6.79,0.16,0.31,0.01,0.12,0.5,110.25
5rKUslBe3bJw0QiQ7rsEyN,Fakkulty,0.71,0.8,-6.2,0.26,0.06,0.0,0.2,0.68,88.56
34Y0ldeyUv7jBvukWOGASO,Bobby Shmurda,0.77,0.65,-6.75,0.36,0.07,0.0,0.17,0.46,155.05
3PcojHQE2TrCy0Kx9l94zp,Jasper Loco,0.74,0.76,-6.73,0.21,0.15,0.0,0.36,0.6,110.87
1DisOtNFBsfGAuifnt4o8j,Chino Grande,0.71,0.66,-5.81,0.18,0.15,0.02,0.21,0.51,100.53
4Byc3x9CcT699ZmORPccck,Midget Loco,0.81,0.72,-5.6,0.2,0.2,0.03,0.23,0.53,102.27
3uJx5SnOM59Li7lCxA3b29,Lil Keed,0.85,0.54,-7.84,0.31,0.09,0.0,0.14,0.54,128.07
3H07rdDFsE8FtMNGBBcuSl,Twisted Black,0.6,0.71,-6.96,0.31,0.1,0.0,0.23,0.55,108.3
5p8vd7al1l0ydxORHatbuR,Mista Madd,0.85,0.63,-5.74,0.24,0.13,0.0,0.19,0.63,99.92
0JuDxOwz1e3Wx05t8e3AT3,Sylvan LaCue,0.7,0.6,-9.51,0.22,0.43,0.0,0.27,0.38,116.6
1b170j0PpkgYWGHMPRsNEM,Achepe,0.67,0.62,-8.29,0.44,0.22,0.0,0.18,0.74,99.94
7rkW85dBwwrJtlHRDkJDAC,NAV,0.77,0.62,-5.9,0.16,0.24,0.0,0.17,0.37,132.83
6cwlhbT6PnscdmUYCLUJsa,Bone Crusher,0.59,0.86,-4.24,0.13,0.0,0.0,0.32,0.54,125.25
3mndTMiP2EOug7cIjq177j,Conejo,0.68,0.67,-9.71,0.36,0.08,0.0,0.36,0.48,108.99
3jksrX4oBklxR78ft8gv3j,Plies,0.74,0.61,-6.64,0.19,0.07,0.0,0.15,0.59,117.3
6tJRAxu0HwB2GI9GueEj4l,Faruz Feet,0.75,0.57,-8.06,0.26,0.38,0.01,0.11,0.55,118.11
0mPAjOjWhSw63IlIgU1wKe,Yung Ralph,0.78,0.59,-7.01,0.23,0.16,0.0,0.25,0.52,124.76
1anyVhU62p31KFi8MEzkbf,Chance the Rapper,0.66,0.58,-7.65,0.25,0.25,0.0,0.1,0.49,126.23
21WS9wngs9AqFckK7yYJPM,PnB Rock,0.67,0.65,-5.75,0.18,0.22,0.0,0.14,0.49,139.66
01QTIT5P1pFP3QnnFSdsJf,Lupe Fiasco,0.63,0.79,-5.53,0.2,0.11,0.01,0.19,0.49,102.1
1m23lQANfehGZ4ZT8zwS9Q,Al-D,0.8,0.49,-10.64,0.21,0.18,0.0,0.22,0.51,110.62
6GMYJwaziB4ekv1Y6wCDWS,Soulja Boy,0.8,0.62,-6.02,0.19,0.18,0.0,0.19,0.53,120.39
31HjiqargV4NAw4GZqUale,Ace Hood,0.77,0.59,-7.09,0.16,0.2,0.0,0.16,0.36,136.43
0XIKGBo9PnK1ApI5tZA60d,DaniLeigh,0.72,0.5,-7.93,0.23,0.21,0.0,0.14,0.45,127.52
7aA592KWirLsnfb5ulGWvU,Danny Brown,0.56,0.94,-0.44,0.32,0.14,0.0,0.35,0.71,125.63
1txbs9MMkT4FszkaA96atm,Coko Yamasaki,0.81,0.61,-7.74,0.17,0.29,0.0,0.17,0.67,105.82
5K7zLnYB1025dYIwZwb5L9,Payaso,0.79,0.61,-6.86,0.15,0.16,0.05,0.19,0.61,105.67
6x44XiJflDY1W8IMmDdSsI,The Dukes Click,0.84,0.57,-8.06,0.24,0.14,0.0,0.22,0.57,100.36
32ZdTYKfcEqxv5qGCserXM,Beltway 8,0.74,0.56,-8.93,0.34,0.18,0.01,0.21,0.42,121.24
0YWxKQj2Go9CGHCp77UOyy,Fabolous,0.7,0.68,-7.06,0.16,0.22,0.0,0.17,0.6,127.83
0BkX514VOBBW2ECOWNnhds,Manotas,0.65,0.68,-7.61,0.28,0.31,0.0,0.18,0.68,101.84
4H3ePoFDdsl36QwB96jZzg,Leyruk,0.72,0.67,-5.93,0.25,0.25,0.04,0.1,0.71,121.18
0nOyxRsVicKeiBbB6zdIMu,Kinto Sol,0.78,0.68,-6.75,0.12,0.08,0.0,0.12,0.63,119.32
18HVMQsV3tINaTyzT5UIjH,CyHi,0.64,0.71,-6.03,0.25,0.07,0.0,0.27,0.42,123.28
4W49e48G0gg1pucAN6JiGH,Yo Trane,0.66,0.39,-11.65,0.13,0.47,0.0,0.15,0.33,111.79
6fxyWrfmjcbj5d12gXeiNV,Denzel Curry,0.72,0.64,-6.44,0.15,0.13,0.0,0.31,0.52,131.39
0nrUyKsdgzlKT6KpTcPhjA,Big Mike,0.77,0.59,-11.62,0.27,0.11,0.01,0.12,0.63,97.58
11jdOu8MP8ZaSNrUeq4JXA,Charlie Row Campo,0.71,0.7,-5.83,0.23,0.35,0.03,0.27,0.65,94.1
7f35VZGDpomj11PXdNn5D9,Max B,0.71,0.64,-7.93,0.27,0.1,0.02,0.23,0.56,119.65
2x8KDZdSONA3872CnhaAlX,Styles P,0.61,0.79,-6.0,0.3,0.07,0.0,0.23,0.48,118.34
030sRm1rnXI9MeQ23pdax8,Boyz N Da Hood,0.65,0.73,-6.6,0.26,0.05,0.0,0.19,0.44,104.06
7pIqsVZsqXQKNI79BABYi8,Merro,0.73,0.79,-4.93,0.11,0.28,0.0,0.29,0.58,105.99
1zxOgXoQBXnugFcqgOYXmG,OG Spanish Fly,0.72,0.57,-7.28,0.23,0.14,0.0,0.4,0.53,108.8
6WkUZyqghQei2G809wMKuZ,Yung Bans,0.78,0.5,-10.09,0.26,0.23,0.0,0.25,0.34,123.42
1cUpGtXcSQsovNYEZOQgOG,Nanpa Básico,0.74,0.48,-8.73,0.21,0.61,0.0,0.11,0.49,104.99
2hejA1Dkf8v8R0koF44FvW,Gera MX,0.78,0.59,-7.11,0.17,0.34,0.0,0.14,0.57,100.43
7cTUKWe96m3QwHMkDPnw8l,Big Mello,0.78,0.59,-9.62,0.2,0.19,0.05,0.14,0.63,109.39
360IAlyVv4PCEVjgyMZrxK,Miguel,0.61,0.56,-8.21,0.11,0.16,0.0,0.17,0.4,110.48
5zctI4wO9XSKS8XwcnqEHk,Lil Mosey,0.75,0.61,-6.81,0.11,0.29,0.0,0.11,0.53,114.3
13ubrt8QOOCPljQ2FL1Kca,A$AP Rocky,0.63,0.68,-7.5,0.14,0.13,0.09,0.17,0.46,126.88
4IVAbR2w4JJNJDDRFP3E83,6LACK,0.67,0.52,-7.62,0.16,0.42,0.0,0.12,0.35,118.15
42utm0jUssHbxSWqb7tpgv,Junebug Slim,0.7,0.64,-6.93,0.14,0.21,0.0,0.15,0.6,95.15
4GwWE7ttiyhLwYCwSj7eni,Carolyn Rodriguez,0.73,0.56,-8.3,0.12,0.12,0.0,0.24,0.49,112.59
6KH83UCF9zwNaBi4IIJnjE,Poofer,0.76,0.54,-9.54,0.26,0.27,0.0,0.11,0.6,111.87
6vd2ks2rBpNPY4ebdEocpY,U.S.D.A.,0.54,0.75,-5.84,0.23,0.02,0.0,0.19,0.35,133.81
2EMAnMvWE2eb56ToJVfCWs,Bryson Tiller,0.65,0.52,-7.61,0.12,0.27,0.0,0.24,0.44,113.5
67nwj3Y5sZQLl72VNUHEYE,Wale,0.62,0.67,-6.71,0.26,0.37,0.0,0.19,0.48,120.67
0tCtGc5vt29zFZp6KXzN50,Beanie Sigel,0.59,0.77,-6.44,0.33,0.07,0.0,0.17,0.63,110.28
1gPiNBRjOB9XochAAFR3iM,West Gold,0.8,0.56,-7.91,0.18,0.33,0.0,0.1,0.65,93.45
7BQJLHBNVvz4O2JHmls4Ef,Wk,0.71,0.47,-8.02,0.17,0.47,0.08,0.14,0.58,105.81
56rppq1ok2Q4ZsplcvPLxO,O.G. Playboy,0.87,0.59,-8.64,0.21,0.24,0.0,0.11,0.51,96.08
2HPaUgqeutzr3jx5a9WyDV,PARTYNEXTDOOR,0.61,0.51,-7.94,0.07,0.19,0.0,0.15,0.22,114.05
3nViOFa3kZW8OMSNOzwr98,Queen Naija,0.63,0.59,-6.09,0.15,0.36,0.0,0.14,0.43,125.86
2AT9sg0RsOjLd4gfu08Pg6,Lil' O,0.79,0.67,-6.45,0.24,0.1,0.0,0.22,0.55,112.32
7mFSVCaPnxu3EsAnBEd6FE,Sleepy Loka,0.85,0.51,-10.55,0.28,0.35,0.0,0.1,0.66,117.22
36xkHMRleqc9rA5DxzqCZL,Trae & Z-Ro,0.7,0.67,-6.84,0.23,0.1,0.0,0.14,0.6,111.48
3cuVSUrq0yoSSP7gpvI6q1,MC Magic,0.72,0.52,-6.82,0.13,0.26,0.0,0.15,0.59,105.97
7B7TGqQe7QTVm2U6q8jzk1,Lil Rob,0.68,0.57,-7.62,0.21,0.27,0.0,0.23,0.45,111.18
5YHM0i7v5TqqibZhS0YiuX,Ryan Trey,0.63,0.54,-7.52,0.19,0.48,0.0,0.15,0.46,104.0
4V77E8MyGPCCvvjVFbYQfS,Big Kuntry King,0.67,0.73,-5.74,0.16,0.08,0.0,0.28,0.45,130.29
6XwcepfAsPhrvwziGxhwju,Pretty Ricky,0.74,0.59,-5.94,0.08,0.08,0.0,0.13,0.44,111.63
1FXbr9bAubAE16DXzUS97d,Wreckshop Family,0.68,0.63,-7.26,0.38,0.26,0.0,0.51,0.57,115.31
6If57j6e3TXXk0HiLcIZca,Sevyn Streeter,0.62,0.68,-6.03,0.11,0.17,0.0,0.21,0.55,111.3
4ULO7IGI3M2bo0Ap7B9h8a,Teyana Taylor,0.58,0.59,-6.53,0.22,0.45,0.01,0.13,0.5,110.98
0SDGEgp8DEGaudRPNxBttt,J-Dawg,0.6,0.73,-5.0,0.31,0.09,0.0,0.17,0.5,131.14
27w1NoOLMX7tJMYqcetPyG,VIC MENSA,0.69,0.66,-5.74,0.16,0.15,0.0,0.26,0.49,115.45
7s47glsDg6fwq9KXNTsTpa,Gudda Gudda,0.69,0.68,-7.88,0.37,0.12,0.0,0.32,0.56,117.77
1RbUvxpoXRKRcxVtcQ8YyV,Mr. Criminal,0.79,0.66,-6.94,0.23,0.24,0.0,0.22,0.61,93.64
0yWcBatdQPfGvY4XEGeD6m,Elote el Barbaro,0.69,0.73,-7.11,0.28,0.2,0.0,0.17,0.76,131.67
3kortApcf0ntRWexUkJE4H,Uncle Murda,0.62,0.71,-5.7,0.34,0.15,0.02,0.13,0.43,122.18
5IcR3N7QB1j6KBL8eImZ8m,ScHoolboy Q,0.75,0.65,-6.65,0.12,0.12,0.0,0.14,0.43,133.05
1cNDP5yjU5vjeR8qMf4grg,YNW Melly,0.72,0.57,-7.44,0.1,0.23,0.0,0.11,0.43,140.14
65y5gXjd9KJMyZcqnVMKq0,C.O.A. Click,0.75,0.78,-4.7,0.25,0.08,0.0,0.18,0.63,104.18
2jku7tDXc6XoB6MO2hFuqg,Tory Lanez,0.64,0.59,-7.89,0.17,0.18,0.0,0.18,0.5,112.98
6icQOAFXDZKsumw3YXyusw,Lil Yachty,0.69,0.63,-5.85,0.18,0.15,0.12,0.18,0.48,132.81
6CqjoQyGZlnhnq5gAUz92c,Taylor Bennett,0.64,0.6,-8.45,0.19,0.58,0.0,0.12,0.46,136.36
0k7Xl1pqI3tu8sSEjo5oEg,Paul Wall,0.78,0.67,-6.21,0.2,0.13,0.0,0.16,0.65,110.1
1iZKQiBqj5pk8EqIVRo9f6,DTTX,0.69,0.63,-6.47,0.09,0.03,0.01,0.22,0.49,128.23
6Ha4aES39QiVjR0L2lwuwq,Yo Gotti,0.85,0.65,-6.51,0.26,0.03,0.0,0.19,0.45,135.48
3gMf6W34pyRBb7gRAMJgcl,Liveola,0.68,0.57,-9.29,0.41,0.08,0.0,0.19,0.53,129.87
3XrAzTPjxbjFTtrK8pVDiE,King Kyle Lee,0.66,0.6,-7.61,0.22,0.16,0.0,0.23,0.33,112.29
0T5OJgMVjKIX3b3W3ekqOl,Rocko,0.62,0.63,-6.39,0.25,0.1,0.0,0.18,0.47,125.16
1ewyVtTZBqFYWIcepopRhp,Joey Purp,0.73,0.61,-6.3,0.19,0.16,0.11,0.09,0.53,127.26
7GuUYiGZOzQwq4L6gAfy1T,SahBabii,0.76,0.52,-8.44,0.17,0.28,0.0,0.16,0.39,121.34
0tPjSrb43a58uznKru1k2P,A$AP Twelvyy,0.6,0.61,-7.54,0.33,0.42,0.0,0.22,0.4,100.86
4uvNcse2ZUIrUR6rfw9Ns2,Half Dead Organization,0.72,0.86,-5.5,0.15,0.04,0.0,0.25,0.61,145.56
0U5RYP2HMdGv2GhicLhkOI,Neto Peña,0.79,0.62,-7.49,0.27,0.52,0.0,0.12,0.74,115.0
2qDlJoxaMXzQC44cQLYUjs,Brownside,0.76,0.62,-9.41,0.18,0.12,0.0,0.18,0.62,116.52
3KfNxeOzZf67fXBuT4o6qR,Lil Crook,0.79,0.69,-6.1,0.26,0.13,0.0,0.2,0.7,114.56
20apXQGKM00jJTvYfyKwlb,Maino,0.61,0.79,-5.35,0.25,0.24,0.0,0.24,0.59,109.39
1MlV4b7HGi4AiZWXholyVu,IshDARR,0.72,0.63,-7.29,0.12,0.11,0.0,0.16,0.49,122.7
4cmA2QDPdzh8W2ytpyUGes,Young Scooter,0.78,0.62,-5.97,0.14,0.08,0.0,0.16,0.42,125.5
4HzKw8XcD0piJmDrrPRCYk,Majid Jordan,0.69,0.51,-7.42,0.07,0.15,0.0,0.12,0.38,114.64
7aJgZeWVFzRf96TinYwgsu,C-Note,0.78,0.6,-7.44,0.22,0.25,0.0,0.14,0.45,126.02
0zFJoHE7ueSHeuGJBf0GOD,Slush The Villain,0.8,0.71,-6.14,0.23,0.13,0.0,0.19,0.55,91.47
1kluwGf65yTWZq3kYadHS3,Aggravated,0.82,0.63,-6.78,0.28,0.02,0.04,0.17,0.5,134.37
1rNhX03Ai4X6NN5UbhQ9nr,Southland Gangsters,0.82,0.71,-5.79,0.29,0.08,0.0,0.24,0.59,104.6
4SJH2BseAuzaWFAwFhly70,Big Temps,0.8,0.65,-6.96,0.2,0.11,0.0,0.14,0.68,133.88
0I5HubncQ8E1MFZOlPDY4J,Trinidad James,0.74,0.72,-6.95,0.24,0.05,0.05,0.18,0.65,112.24
1fQvySchcTCuCk6tmnD17a,P.K.O.,0.78,0.59,-11.57,0.21,0.16,0.0,0.14,0.71,93.34
1fQ46lgoUCz8FVXdTVNk0a,Hurricane Chris,0.71,0.69,-5.89,0.28,0.04,0.0,0.18,0.53,128.63
2I9SLklAOG0vdMiUUMNxRl,88GLAM,0.73,0.55,-7.09,0.07,0.24,0.0,0.17,0.49,128.63
7sgnuH8OwU32WbGLZwD03q,Neto Reyno,0.78,0.59,-8.4,0.16,0.23,0.0,0.15,0.58,115.55
3TnuC2JOTxhH8c467ylBks,Dirty,0.75,0.66,-6.51,0.22,0.19,0.0,0.19,0.5,114.32
5UVlV82aQvMEaQyTUc5XDm,Lil Sancho,0.78,0.59,-8.33,0.08,0.36,0.03,0.13,0.56,84.5
0FtsMKmZEq8fBWqdSOWtqp,03 Greedo,0.73,0.58,-6.89,0.07,0.18,0.0,0.14,0.49,107.25
7ipr4gJAFLoygvGdGs667W,Willie D,0.82,0.62,-8.27,0.27,0.05,0.0,0.26,0.54,99.81
1k3e4JvpJQFxuhI8ZRuwh4,Spanky Loco,0.79,0.61,-7.33,0.31,0.06,0.0,0.16,0.55,116.48
7eU5CvFPPiqSqnKiNmZNy7,Dyablo,0.77,0.67,-7.04,0.21,0.29,0.0,0.15,0.66,119.99
0v7WNCZurx2vhb8vfmBuKi,Lil Gibby,0.8,0.52,-13.54,0.24,0.25,0.0,0.15,0.56,125.46
6mXlDbi03T8wXYwWYew0Ut,Rich Boy,0.64,0.72,-6.06,0.31,0.12,0.0,0.22,0.51,131.74
7ibAWtDtmEfaVhc1FJ3Vl9,Eric Bellinger,0.64,0.57,-6.54,0.13,0.18,0.0,0.15,0.49,103.74
6AUl0ykLLpvTktob97x9hO,Tee Grizzley,0.79,0.66,-7.15,0.3,0.17,0.0,0.24,0.47,116.4
0ONHkAv9pCAFxb0zJwDNTy,Pusha T,0.63,0.79,-4.56,0.28,0.18,0.0,0.27,0.63,114.79
7e1ICztHM2Sc4JNLxeMXYl,dvsn,0.68,0.47,-8.45,0.07,0.16,0.09,0.24,0.43,125.62
6aaMZ3fcfLv4tEbmY7bjRM,Isaiah Rashad,0.74,0.63,-7.58,0.27,0.26,0.02,0.29,0.6,126.79
6XpXnnKHIhCOUbOLOJGe6o,REASON,0.71,0.69,-5.57,0.26,0.23,0.0,0.13,0.44,99.5
5oFkj1qSlyBUmV5d6Edgtq,Cozz,0.69,0.65,-6.94,0.3,0.23,0.0,0.21,0.54,120.41
4fpwOzxFRMVGfd197dKIdY,Boldy James,0.53,0.54,-10.73,0.29,0.54,0.0,0.29,0.4,131.81
3kf0gOpxWtkyeMNJVDQPtd,Smoke DZA,0.72,0.66,-6.51,0.21,0.09,0.0,0.16,0.58,112.0
0CKa42Jqrc9fSFbDjePaXP,Big K.R.I.T.,0.74,0.68,-6.09,0.22,0.12,0.0,0.19,0.52,141.23
35sCXuy5gN6Or69rZ9vqBs,Birdman,0.73,0.64,-6.87,0.19,0.26,0.0,0.16,0.53,135.86
7vK7W4m2DU8bj7upwd4qen,50/50 Twin,0.77,0.62,-9.09,0.36,0.09,0.0,0.32,0.57,138.46
6i392l38cR3uBPF0DbNs7S,Quality Control,0.85,0.62,-5.73,0.22,0.1,0.0,0.14,0.36,131.62
3tlXnStJ1fFhdScmQeLpuG,Brent Faiyaz,0.62,0.44,-9.28,0.11,0.42,0.0,0.19,0.45,128.52
6MrdwyCIKbpXmTKQBlG3uq,Z-Ro,0.72,0.69,-5.91,0.23,0.28,0.0,0.24,0.53,101.05
687ppJlX43O9sjiCyFnqpH,Sombras Urbanas,0.56,0.81,-5.61,0.4,0.62,0.0,0.1,0.7,78.94
3aQ7I4C84b5EPAFkLMhpin,5th Ward Boyz,0.73,0.54,-8.68,0.27,0.11,0.0,0.19,0.52,107.15
1W3FSF1BLpY3hlVIgvenLz,The-Dream,0.64,0.56,-5.51,0.1,0.14,0.0,0.21,0.36,92.56
3mYFuz6iY7D9X78rOXg5CG,Akwid,0.85,0.66,-4.79,0.26,0.22,0.0,0.11,0.69,112.5
2KNDYRKdCzuKzCCUyjAcF4,NB Ridaz,0.77,0.6,-5.57,0.15,0.16,0.0,0.13,0.59,108.28
3gGUMEwIX6XodWsYEvKSal,YBN Nahmir,0.83,0.58,-7.81,0.22,0.09,0.0,0.16,0.44,106.81
15iVAtD3s3FsQR4w1v6M0P,Chief Keef,0.69,0.57,-6.46,0.15,0.07,0.0,0.2,0.3,134.26
1iJdyDcY98X3GMnUesl7tf,Comethazine,0.86,0.67,-7.36,0.32,0.1,0.0,0.19,0.56,130.98
31fdxsfcJFrOpgvwtQf5mv,PSK-13,0.77,0.56,-9.38,0.35,0.09,0.07,0.23,0.44,107.92
6DVipHzYsPlIoA0DW8Gmns,"Royce Da 5'9""",0.65,0.69,-7.46,0.3,0.22,0.0,0.21,0.7,117.3
36HvjE9pV91jEjO1qBRidS,B.G.,0.7,0.7,-6.44,0.24,0.08,0.0,0.2,0.64,135.83
1pPmIToKXyGdsCF6LmqLmI,Rich The Kid,0.75,0.63,-6.95,0.25,0.14,0.0,0.16,0.44,129.66
7DqvKC9ApuKJTk1oQbLi9Y,Clika 1,0.72,0.66,-7.2,0.25,0.14,0.0,0.2,0.6,108.08
6Z9287LBwWASy6HeP0wHl6,Trinity Garden Cartel,0.8,0.52,-12.06,0.32,0.05,0.0,0.23,0.59,126.7
2HUwZ0kumzCSlhFcjFZfpp,Flipp Dinero,0.76,0.66,-5.97,0.23,0.11,0.0,0.13,0.56,132.62
45AMD9qU0ERQY5RvR7deHR,Che Ecru,0.68,0.46,-8.94,0.11,0.26,0.1,0.21,0.41,104.18
1n9X1anDuLnVJNafUzvX5R,Ms. Sancha,0.81,0.54,-8.06,0.11,0.22,0.0,0.2,0.62,114.93
6tslWi0BXiDdtChermDzkU,Mr. Lil One,0.79,0.6,-6.82,0.16,0.13,0.0,0.19,0.53,110.46
1iFf7x4gbonfRVAvQ8Wsoh,Fat Pat,0.77,0.57,-7.8,0.24,0.07,0.0,0.2,0.52,123.22
3KV3p5EY4AvKxOlhGHORLg,Jeremih,0.66,0.51,-7.03,0.12,0.34,0.0,0.11,0.37,120.68
7jFaoqWPhYLrKzjzlpXmUO,David Banner,0.76,0.78,-5.38,0.21,0.03,0.01,0.25,0.61,128.98
23sYU61n9f1CzYi8NJhAXS,Towkio,0.67,0.6,-7.1,0.22,0.07,0.0,0.18,0.5,115.5
3BG9cpTxZQzQChcsp7ss9a,Mr. Capone-E,0.77,0.63,-6.72,0.15,0.21,0.0,0.15,0.62,115.0
4BJngV0qOXFfhG5PQUSPrX,Baston,0.51,0.8,-5.78,0.13,0.01,0.66,0.17,0.57,132.0
7HkdQ0gt53LP4zmHsL0nap,Ella Mai,0.56,0.56,-6.45,0.09,0.3,0.0,0.19,0.31,116.17
5OrB6Jhhrl9y2PK0pSV4VP,Young Money,0.73,0.66,-6.67,0.23,0.08,0.0,0.24,0.54,112.14
5RxfcQtj2NPyVzr3s4LvGa,Young Sicc,0.79,0.58,-7.13,0.27,0.11,0.0,0.17,0.6,102.05
19Fi1Rj7kk8kyiwxpXy3yM,August Alsina,0.59,0.62,-6.85,0.16,0.08,0.0,0.26,0.39,130.83
2vFfTNPapo6KjTdHUxhVY8,Mr. Knightowl,0.69,0.69,-7.22,0.19,0.16,0.0,0.21,0.61,111.23
78u6vm4TMueZ6sAZFSSTJY,K.B. Da Kidnappa,0.71,0.79,-3.62,0.21,0.16,0.0,0.18,0.62,119.44
5gCRApTajqwbnHHPbr2Fpi,Juicy J,0.77,0.74,-6.21,0.17,0.06,0.0,0.27,0.58,137.52
08Ld63UgKrJ0nZnCkzHtzc,Project Pat,0.84,0.7,-6.54,0.22,0.1,0.0,0.16,0.57,123.98
0tsdit2ueGK3CtFt1ueg0y,Tela,0.74,0.61,-6.82,0.19,0.06,0.0,0.2,0.49,100.93
6f4XkbvYlXMH0QgVRzW0sM,Waka Flocka Flame,0.72,0.63,-6.5,0.2,0.1,0.0,0.34,0.54,135.05
4ckERGiCZAleOaQa5OVCdu,Hood P,0.6,0.68,-9.26,0.29,0.19,0.0,0.18,0.55,105.16
0st5vgzw9XkH5ALJiUM1lE,Slim Thug,0.72,0.65,-5.45,0.24,0.1,0.0,0.18,0.39,127.0
07VmOvmuBp9G0gb8BTrpn0,Mike Jones,0.74,0.71,-5.67,0.25,0.1,0.0,0.19,0.61,135.27
2p0CE2108OEkCLDkmCtTOC,Lil Menace,0.73,0.68,-5.87,0.16,0.11,0.0,0.2,0.61,119.94
4tSvkaLfya4H6Lf1LBwqzc,Mr. Sancho,0.69,0.65,-7.24,0.09,0.2,0.0,0.1,0.55,115.48
0bfX8pF8kuHNCs57Ms4jZb,Roscoe Dash,0.69,0.74,-6.03,0.15,0.05,0.0,0.33,0.47,136.04
4OBJLual30L7gRl5UkeRcT,T.I.,0.62,0.73,-5.17,0.21,0.04,0.0,0.26,0.44,120.91
5A7d4sfe5ZY1RRf90zlUeo,Crime Mob,0.82,0.74,-5.4,0.22,0.16,0.0,0.18,0.65,117.94
0E5ZWiFCiNSGqmbysgRavE,Da Herb Man,0.76,0.74,-7.19,0.3,0.22,0.0,0.22,0.65,102.99
1QQPw7dqPmlRXBxL6QoX7a,Clika One,0.74,0.68,-6.36,0.23,0.14,0.0,0.21,0.57,107.96
7CcpQybrc9e4sv9zsrvJuA,Klondike Kat,0.71,0.66,-7.52,0.23,0.08,0.0,0.32,0.54,113.92
6Uh8uJyN9g7oFjDK16nJgb,Juelz Santana,0.64,0.82,-4.8,0.31,0.12,0.0,0.32,0.52,119.48
7tycJ8FDKH2GES20CnUa4D,GT Garza,0.68,0.7,-5.38,0.19,0.08,0.0,0.24,0.45,126.63
6VOP45QGqtvMWZ2AnjdiyM,Mr Trippalot,0.77,0.69,-7.82,0.18,0.09,0.08,0.29,0.64,104.5
0DZ3ZLg4hdZ2EZ2JsPorFj,Lil Felon,0.71,0.62,-7.91,0.2,0.48,0.0,0.14,0.78,154.95
5xu3KF4ZTFjNncNRIVaJnt,Mr. 3-2,0.74,0.62,-10.05,0.23,0.14,0.02,0.14,0.55,109.21
0VKTLKamj4IH8OfQbUL0kq,Dem Franchize Boyz,0.76,0.58,-7.79,0.28,0.06,0.0,0.14,0.52,104.21
2iojnBLj0qIMiKPvVhLnsH,Trey Songz,0.71,0.66,-5.84,0.09,0.18,0.0,0.27,0.44,104.79
07d5etnpjriczFBB8pxmRe,BJ The Chicago Kid,0.63,0.62,-6.9,0.1,0.21,0.02,0.23,0.6,114.75
1dqGS5sT6PE2wEvP1gROZC,Flatbush Zombies,0.75,0.57,-9.03,0.19,0.17,0.0,0.21,0.37,108.77
23LbwefIODbyGdRbAz3urj,Yung Joc,0.77,0.6,-6.98,0.13,0.04,0.0,0.22,0.58,126.96
0KhBKiXLnr0TwhP9XV8Mbg,La Real Academia De La Rima,0.58,0.94,-5.35,0.3,0.39,0.0,0.1,0.72,92.06
2YZyLoL8N0Wb9xBt1NhZWg,Kendrick Lamar,0.74,0.62,-6.17,0.15,0.07,0.0,0.14,0.4,119.45
3A5tHz1SfngyOZM2gItYKu,Earl Sweatshirt,0.57,0.63,-6.41,0.24,0.21,0.05,0.34,0.61,127.15
5mNB8ykTlENptzmsxXRtdS,Shawty Lo,0.63,0.69,-6.22,0.15,0.11,0.0,0.32,0.54,130.75
1LrWZc2qPhRCHyr6XtpBxq,Dizzy Wright,0.73,0.65,-7.82,0.21,0.13,0.0,0.33,0.53,102.67
2O4dqwxUZfCpuTh69wziNi,Central Coast Clique,0.91,0.63,-9.77,0.18,0.22,0.01,0.12,0.7,100.4
266KnFu1bjR3mOqfh8UUP5,Bam,0.71,0.71,-6.69,0.14,0.15,0.06,0.26,0.46,124.63
0t5qZrvVCo9YIUT87SQrTn,OJ Da Juiceman,0.78,0.52,-8.87,0.16,0.09,0.0,0.22,0.42,126.19
09My0T8N3gNusVZtEiprhc,Yungstar,0.73,0.56,-8.41,0.26,0.27,0.0,0.16,0.53,111.06
6aLoJJxz7MV2iZ423S8tJC,Doe Boy,0.77,0.6,-6.89,0.34,0.06,0.0,0.17,0.44,145.75
2OqENqJFXPORP4BUGnu2Qq,Youngbloodz,0.8,0.64,-7.61,0.28,0.03,0.0,0.24,0.53,109.79
0Ug6OsFk2B0mLvXrpmpRs6,Brown Boy,0.7,0.57,-6.92,0.11,0.35,0.0,0.17,0.61,109.19
4VIcSZlwRxIF6gPgtwSrbq,Dat Boi T,0.7,0.67,-6.46,0.16,0.16,0.0,0.19,0.52,135.2
