,artist_id,artist_name,danceability,energy,loudness,speechiness,acousticness,instrumentalness,liveness,valence,tempo
1fQ46lgoUCz8FVXdTVNk0a,1fQ46lgoUCz8FVXdTVNk0a,Hurricane Chris,0.71,0.69,-5.89,0.28,0.04,0.0,0.18,0.53,128.63
6Uo1hEkf3QaOtDEN5frwVq,6Uo1hEkf3QaOtDEN5frwVq,Westside Cartel,0.89,0.57,-9.31,0.28,0.22,0.0,0.23,0.64,108.23
28gYepghWimZ3Eh8Gj2hOO,28gYepghWimZ3Eh8Gj2hOO,Lyrical,0.9,0.67,-5.91,0.28,0.22,0.0,0.15,0.63,104.2
3EsPYCSw4x0PlRiRgsaxjj,3EsPYCSw4x0PlRiRgsaxjj,Herschelwood Hardheadz,0.71,0.63,-6.9,0.26,0.08,0.0,0.15,0.56,119.28
6VOP45QGqtvMWZ2AnjdiyM,6VOP45QGqtvMWZ2AnjdiyM,Mr Trippalot,0.77,0.69,-7.82,0.18,0.09,0.08,0.29,0.64,104.5
4L02qjtK3vNGZpz7hEMMfM,4L02qjtK3vNGZpz7hEMMfM,Big Steve,0.73,0.58,-6.81,0.37,0.11,0.0,0.24,0.62,92.93
7pIqsVZsqXQKNI79BABYi8,7pIqsVZsqXQKNI79BABYi8,Merro,0.73,0.79,-4.93,0.11,0.28,0.0,0.29,0.58,105.99
4udRIlOSZJ8snXyJYJgEE0,4udRIlOSZJ8snXyJYJgEE0,Hugh Mundell,0.76,0.42,-12.37,0.14,0.11,0.1,0.13,0.71,128.9
7v9bFXCdSMA2o3gS4nvp0F,7v9bFXCdSMA2o3gS4nvp0F,Pimp C,0.74,0.72,-5.84,0.22,0.05,0.0,0.22,0.52,106.04
3sxMqvKboYdEkFJsE8NKlx,3sxMqvKboYdEkFJsE8NKlx,Proper Dos,0.8,0.74,-6.44,0.22,0.17,0.0,0.15,0.68,108.1
5rKUslBe3bJw0QiQ7rsEyN,5rKUslBe3bJw0QiQ7rsEyN,Fakkulty,0.72,0.79,-6.1,0.25,0.05,0.0,0.21,0.7,93.45
3IbbhZMhvYcCTmqWNP3qA1,3IbbhZMhvYcCTmqWNP3qA1,Tum Tum,0.77,0.58,-7.7,0.27,0.02,0.0,0.16,0.57,141.25
7JFXIgxfNfMRmMj8NPRFb9,7JFXIgxfNfMRmMj8NPRFb9,Big Tuck,0.71,0.72,-5.82,0.3,0.06,0.0,0.25,0.57,128.96
6JsAiEcQyEkY9c5Cv5IIwv,6JsAiEcQyEkY9c5Cv5IIwv,Fat Bastard,0.75,0.54,-8.68,0.43,0.16,0.0,0.32,0.55,114.89
68jLiaqKg9hQGgiM0qGGif,68jLiaqKg9hQGgiM0qGGif,Mr. Lucci,0.84,0.55,-8.81,0.28,0.07,0.0,0.25,0.68,124.15
1grI9x4Uzos1Asx8JmRW6T,1grI9x4Uzos1Asx8JmRW6T,Lil' Keke,0.72,0.71,-6.2,0.32,0.06,0.0,0.26,0.61,136.28
1J6iGa2TNBDCrJzjsnI1a8,1J6iGa2TNBDCrJzjsnI1a8,Big Pokey,0.66,0.73,-5.85,0.21,0.17,0.0,0.35,0.6,138.64
0SDGEgp8DEGaudRPNxBttt,0SDGEgp8DEGaudRPNxBttt,J-Dawg,0.6,0.73,-5.0,0.31,0.09,0.0,0.17,0.5,131.14
3gMf6W34pyRBb7gRAMJgcl,3gMf6W34pyRBb7gRAMJgcl,Liveola,0.68,0.57,-9.29,0.41,0.08,0.0,0.19,0.53,129.87
3XrAzTPjxbjFTtrK8pVDiE,3XrAzTPjxbjFTtrK8pVDiE,King Kyle Lee,0.66,0.6,-7.61,0.22,0.16,0.0,0.23,0.33,112.29
1DisOtNFBsfGAuifnt4o8j,1DisOtNFBsfGAuifnt4o8j,Chino Grande,0.72,0.66,-5.9,0.18,0.17,0.02,0.23,0.48,103.03
3PcojHQE2TrCy0Kx9l94zp,3PcojHQE2TrCy0Kx9l94zp,Jasper Loco,0.73,0.76,-6.18,0.19,0.13,0.03,0.36,0.6,106.2
02jRR1SYNuUxXO6JNy0Lgz,02jRR1SYNuUxXO6JNy0Lgz,Rockers All Stars,0.71,0.53,-9.84,0.11,0.03,0.54,0.2,0.49,116.68
56rppq1ok2Q4ZsplcvPLxO,56rppq1ok2Q4ZsplcvPLxO,O.G. Playboy,0.87,0.59,-8.64,0.21,0.24,0.0,0.11,0.51,96.08
6TC6ZeVdvCuBSn32h5Msul,6TC6ZeVdvCuBSn32h5Msul,DJ Screw,0.8,0.51,-10.58,0.28,0.14,0.11,0.29,0.61,133.64
49rH1OsO47Bo2UibC6Se4Q,49rH1OsO47Bo2UibC6Se4Q,Botany Boyz,0.83,0.54,-8.69,0.26,0.09,0.0,0.2,0.57,114.84
7CcpQybrc9e4sv9zsrvJuA,7CcpQybrc9e4sv9zsrvJuA,Klondike Kat,0.71,0.66,-7.52,0.23,0.08,0.0,0.32,0.54,113.92
23LbwefIODbyGdRbAz3urj,23LbwefIODbyGdRbAz3urj,Yung Joc,0.77,0.6,-6.98,0.13,0.04,0.0,0.22,0.58,126.96
1JHdMI7wMEirtNqMaSazJ5,1JHdMI7wMEirtNqMaSazJ5,Sleepy Malo,0.74,0.67,-6.83,0.23,0.06,0.0,0.16,0.62,112.23
1iZKQiBqj5pk8EqIVRo9f6,1iZKQiBqj5pk8EqIVRo9f6,DTTX,0.67,0.68,-6.06,0.13,0.05,0.0,0.22,0.53,131.55
4psGUknTSXLKfT7wrdckRg,4psGUknTSXLKfT7wrdckRg,Baby Wicked,0.79,0.5,-8.32,0.18,0.22,0.01,0.1,0.57,126.93
36xkHMRleqc9rA5DxzqCZL,36xkHMRleqc9rA5DxzqCZL,Trae & Z-Ro,0.7,0.67,-6.84,0.23,0.1,0.0,0.14,0.6,111.48
1PwvRxEjk6zAFZLFP3Kmka,1PwvRxEjk6zAFZLFP3Kmka,Junior Delgado,0.77,0.5,-10.22,0.07,0.15,0.08,0.1,0.75,118.67
5V3IdaBfsAGZCPgpPAo0VZ,5V3IdaBfsAGZCPgpPAo0VZ,Lil Yogi,0.74,0.69,-7.71,0.26,0.23,0.0,0.24,0.56,118.45
2AT9sg0RsOjLd4gfu08Pg6,2AT9sg0RsOjLd4gfu08Pg6,Lil' O,0.79,0.67,-6.45,0.24,0.1,0.0,0.22,0.55,112.32
1sBkRIssrMs1AbVkOJbc7a,1sBkRIssrMs1AbVkOJbc7a,Rick Ross,0.58,0.7,-5.33,0.2,0.07,0.0,0.21,0.39,121.68
4kM4KKtWYB7GVtAfKxE7pO,4kM4KKtWYB7GVtAfKxE7pO,Guerilla Maab,0.81,0.69,-8.09,0.21,0.25,0.0,0.2,0.7,128.25
0v7WNCZurx2vhb8vfmBuKi,0v7WNCZurx2vhb8vfmBuKi,Lil Gibby,0.8,0.52,-13.54,0.24,0.25,0.0,0.15,0.56,125.46
7ipr4gJAFLoygvGdGs667W,7ipr4gJAFLoygvGdGs667W,Willie D,0.82,0.62,-8.27,0.27,0.05,0.0,0.26,0.54,99.81
2OqENqJFXPORP4BUGnu2Qq,2OqENqJFXPORP4BUGnu2Qq,Youngbloodz,0.8,0.64,-7.61,0.28,0.03,0.0,0.24,0.53,109.79
0DZ3ZLg4hdZ2EZ2JsPorFj,0DZ3ZLg4hdZ2EZ2JsPorFj,Lil Felon,0.71,0.62,-7.91,0.2,0.48,0.0,0.14,0.78,154.95
0mPAjOjWhSw63IlIgU1wKe,0mPAjOjWhSw63IlIgU1wKe,Yung Ralph,0.78,0.59,-7.01,0.23,0.16,0.0,0.25,0.52,124.76
78u6vm4TMueZ6sAZFSSTJY,78u6vm4TMueZ6sAZFSSTJY,K.B. Da Kidnappa,0.7,0.82,-3.63,0.21,0.14,0.0,0.2,0.59,114.56
5zRp3bPBElRwxg5kVzTrAP,5zRp3bPBElRwxg5kVzTrAP,Triston Palma,0.73,0.46,-9.36,0.16,0.06,0.07,0.22,0.64,110.26
6EMWMUO2B9Nt39O7SXdZUw,6EMWMUO2B9Nt39O7SXdZUw,Pablo Moses,0.84,0.62,-6.92,0.08,0.19,0.06,0.15,0.82,130.56
5xu3KF4ZTFjNncNRIVaJnt,5xu3KF4ZTFjNncNRIVaJnt,Mr. 3-2,0.74,0.62,-10.05,0.23,0.14,0.02,0.14,0.55,109.21
7mFSVCaPnxu3EsAnBEd6FE,7mFSVCaPnxu3EsAnBEd6FE,Sleepy Loka,0.85,0.51,-10.55,0.28,0.35,0.0,0.1,0.66,117.22
5p8vd7al1l0ydxORHatbuR,5p8vd7al1l0ydxORHatbuR,Mista Madd,0.84,0.63,-6.0,0.22,0.15,0.0,0.19,0.65,95.01
36HvjE9pV91jEjO1qBRidS,36HvjE9pV91jEjO1qBRidS,B.G.,0.7,0.7,-6.44,0.24,0.08,0.0,0.2,0.64,135.83
0VKTLKamj4IH8OfQbUL0kq,0VKTLKamj4IH8OfQbUL0kq,Dem Franchize Boyz,0.76,0.58,-7.79,0.28,0.06,0.0,0.14,0.52,104.21
5uocog8cIUnlVgSR6NME6C,5uocog8cIUnlVgSR6NME6C,Pharoah,0.71,0.6,-7.93,0.25,0.12,0.03,0.16,0.44,126.22
6d2m7hBhIl9r3j8jHbR8BB,6d2m7hBhIl9r3j8jHbR8BB,Mr Chino,0.68,0.42,-15.17,0.24,0.2,0.02,0.17,0.55,126.38
1WyuwjAyePxzrlsD9Ez0un,1WyuwjAyePxzrlsD9Ez0un,Young Trigger,0.81,0.54,-8.72,0.27,0.25,0.0,0.22,0.58,105.63
3fDGRNpnPPjzL3aJjKoUEs,3fDGRNpnPPjzL3aJjKoUEs,Seldom Seen,0.81,0.59,-6.93,0.2,0.1,0.09,0.14,0.55,116.73
7vK7W4m2DU8bj7upwd4qen,7vK7W4m2DU8bj7upwd4qen,50/50 Twin,0.77,0.62,-9.09,0.36,0.09,0.0,0.32,0.57,138.46
5einkgXXrjhfYCyac1FANB,5einkgXXrjhfYCyac1FANB,Lil Scrappy,0.76,0.68,-5.74,0.32,0.09,0.0,0.3,0.52,88.54
0E5ZWiFCiNSGqmbysgRavE,0E5ZWiFCiNSGqmbysgRavE,Da Herb Man,0.76,0.74,-7.03,0.3,0.18,0.0,0.24,0.64,94.28
65y5gXjd9KJMyZcqnVMKq0,65y5gXjd9KJMyZcqnVMKq0,C.O.A. Click,0.75,0.78,-4.7,0.25,0.08,0.0,0.18,0.63,104.18
7aJgZeWVFzRf96TinYwgsu,7aJgZeWVFzRf96TinYwgsu,C-Note,0.78,0.6,-7.44,0.22,0.25,0.0,0.14,0.45,126.02
5RxfcQtj2NPyVzr3s4LvGa,5RxfcQtj2NPyVzr3s4LvGa,Young Sicc,0.79,0.58,-7.13,0.27,0.11,0.0,0.17,0.6,102.05
1k3e4JvpJQFxuhI8ZRuwh4,1k3e4JvpJQFxuhI8ZRuwh4,Spanky Loco,0.79,0.61,-7.33,0.31,0.06,0.0,0.16,0.55,116.48
4SJH2BseAuzaWFAwFhly70,4SJH2BseAuzaWFAwFhly70,Big Temps,0.8,0.65,-6.96,0.2,0.11,0.0,0.14,0.68,133.88
5GQgxUq4MOuXXV99WrRuev,5GQgxUq4MOuXXV99WrRuev,Young Bleed,0.74,0.68,-6.75,0.25,0.07,0.01,0.17,0.53,114.28
4135eJjHCRw5SuVzLfzR0x,4135eJjHCRw5SuVzLfzR0x,C-Murder,0.74,0.68,-6.35,0.3,0.03,0.02,0.21,0.57,127.35
0iEVT8dLNSSmipPOrDGu2z,0iEVT8dLNSSmipPOrDGu2z,Silkk The Shocker,0.77,0.66,-6.42,0.27,0.07,0.0,0.27,0.5,131.47
1edl5fzpdS471TaQ8Bgs3w,1edl5fzpdS471TaQ8Bgs3w,Scientist,0.7,0.56,-10.01,0.1,0.11,0.39,0.14,0.64,125.1
6IyAJxxinFuOJpDiDfZC0A,6IyAJxxinFuOJpDiDfZC0A,Southside Playaz,0.79,0.74,-5.34,0.28,0.1,0.0,0.17,0.6,118.96
1I5u5Umau1AgHl0ZbPL1oR,1I5u5Umau1AgHl0ZbPL1oR,Lil Cuete,0.71,0.66,-6.44,0.12,0.23,0.0,0.2,0.53,118.15
7zICaxnDB9ZprDSiFpvbbW,7zICaxnDB9ZprDSiFpvbbW,Master P,0.73,0.63,-6.6,0.23,0.02,0.0,0.27,0.47,112.53
2hOdJgrCf4Q7ysRpQGQYze,2hOdJgrCf4Q7ysRpQGQYze,3rd Degree,0.71,0.62,-6.96,0.26,0.16,0.01,0.18,0.44,114.28
1m23lQANfehGZ4ZT8zwS9Q,1m23lQANfehGZ4ZT8zwS9Q,Al-D,0.8,0.49,-10.64,0.21,0.18,0.0,0.22,0.51,110.62
1kluwGf65yTWZq3kYadHS3,1kluwGf65yTWZq3kYadHS3,Aggravated,0.82,0.63,-6.78,0.28,0.02,0.04,0.17,0.5,134.37
2vKNIZgOzsdLs8W40OZ4X8,2vKNIZgOzsdLs8W40OZ4X8,Yabby You,0.8,0.52,-10.38,0.12,0.18,0.27,0.14,0.72,125.73
1iFf7x4gbonfRVAvQ8Wsoh,1iFf7x4gbonfRVAvQ8Wsoh,Fat Pat,0.77,0.57,-7.8,0.24,0.07,0.0,0.2,0.52,123.22
32ZdTYKfcEqxv5qGCserXM,32ZdTYKfcEqxv5qGCserXM,Beltway 8,0.74,0.56,-8.93,0.34,0.18,0.01,0.21,0.42,121.24
4Q5sPmM8j4SpMqL4UA1DtS,4Q5sPmM8j4SpMqL4UA1DtS,Lil' Flip,0.76,0.59,-7.34,0.27,0.07,0.0,0.21,0.59,116.26
7sgVAztHMVXGT4XiczZb6F,7sgVAztHMVXGT4XiczZb6F,Baby Jokes,0.76,0.7,-5.79,0.13,0.16,0.0,0.25,0.57,113.22
4Byc3x9CcT699ZmORPccck,4Byc3x9CcT699ZmORPccck,Midget Loco,0.81,0.7,-5.94,0.21,0.21,0.0,0.18,0.54,102.93
5UVlV82aQvMEaQyTUc5XDm,5UVlV82aQvMEaQyTUc5XDm,Lil Sancho,0.78,0.59,-8.33,0.08,0.36,0.03,0.13,0.56,84.5
3aQ7I4C84b5EPAFkLMhpin,3aQ7I4C84b5EPAFkLMhpin,5th Ward Boyz,0.73,0.54,-8.68,0.27,0.11,0.0,0.19,0.52,107.15
2HeV7SaeXiEdRp9mwu3D6e,2HeV7SaeXiEdRp9mwu3D6e,E.S.G.,0.76,0.55,-10.08,0.21,0.09,0.0,0.22,0.52,112.31
6RSZyIAfMCpPNkgdXK8qNe,6RSZyIAfMCpPNkgdXK8qNe,Lawgik,0.86,0.7,-7.47,0.17,0.07,0.01,0.13,0.49,99.56
7AwjoITXTd0fHhNXXq0Hwq,7AwjoITXTd0fHhNXXq0Hwq,Woss Ness,0.77,0.66,-6.42,0.29,0.07,0.0,0.19,0.6,113.56
4BxD7dcIktd3Hfd3zP083u,4BxD7dcIktd3Hfd3zP083u,D-Gotti,0.67,0.66,-7.03,0.3,0.13,0.0,0.23,0.48,120.2
7C7Y21TW1uy3BdRMdvICRC,7C7Y21TW1uy3BdRMdvICRC,Slow Pain,0.77,0.63,-7.47,0.18,0.04,0.0,0.18,0.6,95.74
3GtZwD7aB1NkTGIIalm186,3GtZwD7aB1NkTGIIalm186,SSOL,0.85,0.68,-5.13,0.19,0.06,0.0,0.14,0.67,109.53
3ZooCJzNMTLpmJaIRUEorI,3ZooCJzNMTLpmJaIRUEorI,Young Dro,0.82,0.62,-7.11,0.26,0.07,0.0,0.1,0.64,124.7
5xUMw9vaS567MBBjsoLslo,5xUMw9vaS567MBBjsoLslo,Yung L.A.,0.61,0.62,-7.47,0.25,0.08,0.0,0.33,0.41,107.27
1HDAqfZv7HAtePsVGTgRPY,1HDAqfZv7HAtePsVGTgRPY,Ranking Dread,0.73,0.66,-6.8,0.18,0.18,0.0,0.17,0.58,130.61
4uvNcse2ZUIrUR6rfw9Ns2,4uvNcse2ZUIrUR6rfw9Ns2,Half Dead Organization,0.72,0.86,-5.5,0.15,0.04,0.0,0.25,0.61,145.56
0Bcs376c8LqOdFqtFvg4Nw,0Bcs376c8LqOdFqtFvg4Nw,Anthony Johnson,0.79,0.48,-8.6,0.1,0.17,0.01,0.16,0.74,111.55
1zxOgXoQBXnugFcqgOYXmG,1zxOgXoQBXnugFcqgOYXmG,OG Spanish Fly,0.72,0.57,-7.28,0.23,0.14,0.0,0.4,0.53,108.8
1cvdnitvOQm3hA67H4izQT,1cvdnitvOQm3hA67H4izQT,Carlton Livingston,0.8,0.48,-9.63,0.14,0.08,0.22,0.15,0.76,124.52
1t08tlxwGZO3Y6m8jDv94k,1t08tlxwGZO3Y6m8jDv94k,Peter Broggs,0.8,0.65,-7.56,0.07,0.11,0.06,0.14,0.84,138.18
4tSvkaLfya4H6Lf1LBwqzc,4tSvkaLfya4H6Lf1LBwqzc,Mr. Sancho,0.69,0.65,-7.24,0.09,0.2,0.0,0.1,0.55,115.48
3H07rdDFsE8FtMNGBBcuSl,3H07rdDFsE8FtMNGBBcuSl,Twisted Black,0.6,0.71,-6.96,0.31,0.1,0.0,0.23,0.55,108.3
3b38SpMicvgZy3oWJZoCe5,3b38SpMicvgZy3oWJZoCe5,Lil Vandal,0.83,0.73,-5.9,0.15,0.11,0.0,0.11,0.69,107.85
3ykdYhlVieu2rlYCi5HZnT,3ykdYhlVieu2rlYCi5HZnT,Lil Blacky,0.76,0.65,-7.4,0.2,0.03,0.0,0.17,0.57,133.12
0ZvobuPpnh1X20UpQnXkRx,0ZvobuPpnh1X20UpQnXkRx,Lil Sicko,0.74,0.68,-6.8,0.21,0.05,0.01,0.24,0.5,101.25
4XYAHJ4gEIiQ7QxMIo06XO,4XYAHJ4gEIiQ7QxMIo06XO,Mr. Vic,0.87,0.58,-9.29,0.2,0.22,0.04,0.25,0.65,105.73
1LLLSWPhaDaK6GptiHF6E7,1LLLSWPhaDaK6GptiHF6E7,DJ Sancho,0.71,0.72,-6.64,0.08,0.15,0.06,0.16,0.7,122.1
67nwj3Y5sZQLl72VNUHEYE,67nwj3Y5sZQLl72VNUHEYE,Wale,0.62,0.68,-6.6,0.24,0.34,0.0,0.23,0.49,117.9
77Q0tJ9AgFRUckAoOrZXly,77Q0tJ9AgFRUckAoOrZXly,Lacksley Castell,0.86,0.34,-13.02,0.2,0.06,0.0,0.1,0.78,124.83
0c173mlxpT3dSFRgMO8XPh,0c173mlxpT3dSFRgMO8XPh,Big Sean,0.75,0.62,-5.96,0.15,0.12,0.0,0.3,0.4,115.4
4Yj490bi1KL0QpDnVOtHyr,4Yj490bi1KL0QpDnVOtHyr,Big Moe,0.76,0.63,-6.19,0.2,0.18,0.0,0.21,0.7,113.89
2O4dqwxUZfCpuTh69wziNi,2O4dqwxUZfCpuTh69wziNi,Central Coast Clique,0.91,0.63,-9.77,0.18,0.22,0.01,0.12,0.7,100.4
1RhOh9I75vVWEDmzRVkRUz,1RhOh9I75vVWEDmzRVkRUz,Ms Krazie,0.83,0.64,-6.79,0.16,0.31,0.01,0.12,0.5,110.25
6Z9287LBwWASy6HeP0wHl6,6Z9287LBwWASy6HeP0wHl6,Trinity Garden Cartel,0.8,0.52,-12.07,0.3,0.03,0.0,0.23,0.59,131.3
50XrkABrDEY9r7qboHQpS9,50XrkABrDEY9r7qboHQpS9,Mikey Melody,0.73,0.55,-8.98,0.2,0.05,0.1,0.1,0.77,129.1
7a6In9UVdQx5TpBGLZT2RZ,7a6In9UVdQx5TpBGLZT2RZ,Keith Hudson,0.77,0.56,-9.65,0.08,0.17,0.5,0.23,0.65,133.66
2ioz5NKUj6650H80elrBGd,2ioz5NKUj6650H80elrBGd,Mr. Pookie,0.85,0.54,-8.1,0.16,0.07,0.0,0.17,0.62,110.6
6tBnRI3ubWYclKSbGvGtKd,6tBnRI3ubWYclKSbGvGtKd,Soulja Slim,0.77,0.73,-6.54,0.28,0.08,0.0,0.15,0.67,126.76
4AllEJE7mVkhhyUV6DjqPz,4AllEJE7mVkhhyUV6DjqPz,D4L,0.81,0.54,-8.25,0.22,0.08,0.0,0.18,0.55,112.44
1hkxikPwIf5AXt64h8eGqC,1hkxikPwIf5AXt64h8eGqC,U-Brown,0.8,0.67,-7.42,0.1,0.25,0.0,0.14,0.81,112.34
1QQPw7dqPmlRXBxL6QoX7a,1QQPw7dqPmlRXBxL6QoX7a,Clika One,0.74,0.68,-6.36,0.23,0.14,0.0,0.21,0.57,107.96
11jdOu8MP8ZaSNrUeq4JXA,11jdOu8MP8ZaSNrUeq4JXA,Charlie Row Campo,0.71,0.7,-5.83,0.23,0.35,0.03,0.27,0.65,94.1
0PGtMx1bsqoCHCy3MB3gXA,0PGtMx1bsqoCHCy3MB3gXA,Unk,0.74,0.79,-4.9,0.16,0.14,0.0,0.25,0.64,125.07
6MrdwyCIKbpXmTKQBlG3uq,6MrdwyCIKbpXmTKQBlG3uq,Z-Ro,0.72,0.69,-5.91,0.23,0.28,0.0,0.24,0.53,101.05
4VI3MaFLcxU9LRzQQ6r2ri,4VI3MaFLcxU9LRzQQ6r2ri,Doll-E Girl,0.69,0.63,-6.12,0.1,0.44,0.0,0.26,0.68,107.6
5QRuZQGn0xYKdLws2XBehT,5QRuZQGn0xYKdLws2XBehT,Frank V,0.71,0.73,-5.94,0.29,0.1,0.04,0.18,0.6,114.34
0nrUyKsdgzlKT6KpTcPhjA,0nrUyKsdgzlKT6KpTcPhjA,Big Mike,0.77,0.59,-11.62,0.27,0.11,0.01,0.12,0.63,97.58
2pMdEjYT6hChYxk01MdZ3v,2pMdEjYT6hChYxk01MdZ3v,Sammy Dread,0.77,0.49,-11.46,0.11,0.21,0.1,0.19,0.6,121.71
09My0T8N3gNusVZtEiprhc,09My0T8N3gNusVZtEiprhc,Yungstar,0.73,0.56,-8.41,0.26,0.27,0.0,0.16,0.53,111.06
4VIcSZlwRxIF6gPgtwSrbq,4VIcSZlwRxIF6gPgtwSrbq,Dat Boi T,0.7,0.67,-6.46,0.16,0.16,0.0,0.19,0.52,135.2
7uONR1e6cHKpBz52pRJRp1,7uONR1e6cHKpBz52pRJRp1,Young Spanks,0.86,0.63,-6.4,0.28,0.11,0.0,0.1,0.52,123.14
7cTUKWe96m3QwHMkDPnw8l,7cTUKWe96m3QwHMkDPnw8l,Big Mello,0.78,0.59,-9.62,0.2,0.19,0.05,0.14,0.63,109.39
6okYliJaC9bNemn3hTDw73,6okYliJaC9bNemn3hTDw73,Califa Thugs,0.69,0.63,-5.85,0.17,0.22,0.0,0.11,0.6,115.49
45a6gCQWq61lIUDmr1tKuO,45a6gCQWq61lIUDmr1tKuO,Bun B,0.62,0.75,-4.75,0.25,0.04,0.0,0.33,0.48,105.29
0k7Xl1pqI3tu8sSEjo5oEg,0k7Xl1pqI3tu8sSEjo5oEg,Paul Wall,0.79,0.65,-6.51,0.2,0.14,0.0,0.16,0.62,111.28
6d3FI9DOuk0lnWe86Cv9ow,6d3FI9DOuk0lnWe86Cv9ow,Mr. Trippalot,0.7,0.68,-6.07,0.23,0.38,0.0,0.27,0.69,102.01
1Yg9lgBUJBpWJc2jcfrVra,1Yg9lgBUJBpWJc2jcfrVra,Mister D,0.65,0.65,-7.46,0.22,0.13,0.0,0.21,0.54,112.37
6cwlhbT6PnscdmUYCLUJsa,6cwlhbT6PnscdmUYCLUJsa,Bone Crusher,0.59,0.86,-4.24,0.13,0.0,0.0,0.32,0.54,125.25
2qUfyLUGgzdl230mYZsu82,2qUfyLUGgzdl230mYZsu82,Michael Prophet,0.75,0.59,-8.28,0.15,0.12,0.02,0.2,0.76,113.0
4NEGuRxAh0Td4U8LbSOfWM,4NEGuRxAh0Td4U8LbSOfWM,Ese Lil Joker,0.91,0.48,-10.73,0.31,0.14,0.0,0.23,0.75,106.75
1n9X1anDuLnVJNafUzvX5R,1n9X1anDuLnVJNafUzvX5R,Ms. Sancha,0.81,0.54,-8.06,0.11,0.22,0.0,0.2,0.62,114.93
0zFJoHE7ueSHeuGJBf0GOD,0zFJoHE7ueSHeuGJBf0GOD,Slush The Villain,0.8,0.71,-6.14,0.23,0.13,0.0,0.19,0.55,91.47
5c6zqnWXNHg6PJrJtAARpk,5c6zqnWXNHg6PJrJtAARpk,Chalie Boy,0.73,0.58,-8.1,0.19,0.11,0.0,0.29,0.69,132.47
1AMMMSq3rJdZtFGnBXEkz7,1AMMMSq3rJdZtFGnBXEkz7,King Tubby,0.75,0.52,-10.01,0.1,0.11,0.6,0.09,0.6,123.76
1FXbr9bAubAE16DXzUS97d,1FXbr9bAubAE16DXzUS97d,Wreckshop Family,0.67,0.62,-7.18,0.38,0.23,0.0,0.47,0.56,118.31
3jahzTuztFVegfKXChatkY,3jahzTuztFVegfKXChatkY,Trillville,0.77,0.68,-7.4,0.25,0.14,0.0,0.26,0.69,106.29
0BqIo7Wcnd2W8JPUXDHBUi,0BqIo7Wcnd2W8JPUXDHBUi,Big Lokote,0.73,0.67,-7.4,0.22,0.12,0.09,0.21,0.42,108.28
3TVXtAsR1Inumwj472S9r4,3TVXtAsR1Inumwj472S9r4,Drake,0.7,0.54,-7.77,0.17,0.08,0.01,0.23,0.34,128.14
0tsdit2ueGK3CtFt1ueg0y,0tsdit2ueGK3CtFt1ueg0y,Tela,0.74,0.61,-6.82,0.19,0.06,0.0,0.2,0.49,100.93
0Iw7lK17jWp0l7vi66ranh,0Iw7lK17jWp0l7vi66ranh,Dr. Alimantado,0.71,0.59,-9.41,0.21,0.07,0.2,0.27,0.59,109.36
6Su4V3FShc12WLiMRApLeW,6Su4V3FShc12WLiMRApLeW,Travieso,0.85,0.57,-6.22,0.31,0.14,0.0,0.21,0.49,111.29
0iY5tbHngnv5lWS431taMY,0iY5tbHngnv5lWS431taMY,Soldier Ink,0.79,0.56,-7.98,0.29,0.15,0.0,0.12,0.49,108.02
4V77E8MyGPCCvvjVFbYQfS,4V77E8MyGPCCvvjVFbYQfS,Big Kuntry King,0.67,0.73,-5.74,0.16,0.08,0.0,0.28,0.45,130.29
2ofzePirTpSz2qzyVt1Eoe,2ofzePirTpSz2qzyVt1Eoe,Prince Jammy,0.77,0.5,-9.98,0.08,0.03,0.81,0.13,0.72,127.01
7jFaoqWPhYLrKzjzlpXmUO,7jFaoqWPhYLrKzjzlpXmUO,David Banner,0.76,0.78,-5.38,0.21,0.03,0.01,0.25,0.61,128.98
3D04N2X2w6vUGeyG94FBaY,3D04N2X2w6vUGeyG94FBaY,Pastor Troy,0.74,0.79,-4.13,0.19,0.05,0.0,0.2,0.47,137.73
6Hb6mldg6C2LSAvlbIFA0t,6Hb6mldg6C2LSAvlbIFA0t,Mark Gaboda,0.76,0.45,-13.1,0.4,0.17,0.0,0.24,0.55,119.25
0lonFu7VSFRgkX3ucmgF0u,0lonFu7VSFRgkX3ucmgF0u,The Most Hated,0.79,0.69,-7.23,0.2,0.09,0.01,0.21,0.48,102.38
6PYToOnorPjuLlcRx3L3rL,6PYToOnorPjuLlcRx3L3rL,Big Stalks,0.83,0.65,-7.0,0.12,0.14,0.0,0.24,0.7,98.72
42utm0jUssHbxSWqb7tpgv,42utm0jUssHbxSWqb7tpgv,Junebug Slim,0.7,0.64,-6.93,0.14,0.21,0.0,0.15,0.6,95.15
5FhVnyPs1wSLjkZk4mU69M,5FhVnyPs1wSLjkZk4mU69M,Al Campbell,0.75,0.56,-8.33,0.16,0.15,0.04,0.14,0.65,103.2
5K7zLnYB1025dYIwZwb5L9,5K7zLnYB1025dYIwZwb5L9,Payaso,0.79,0.61,-6.86,0.15,0.16,0.05,0.19,0.61,105.67
6x44XiJflDY1W8IMmDdSsI,6x44XiJflDY1W8IMmDdSsI,The Dukes Click,0.84,0.57,-8.06,0.24,0.14,0.0,0.22,0.57,100.36
3TnuC2JOTxhH8c467ylBks,3TnuC2JOTxhH8c467ylBks,Dirty,0.75,0.66,-6.51,0.22,0.19,0.0,0.19,0.5,114.32
1ZjnlOrZGi1NXkHyr1cEP0,1ZjnlOrZGi1NXkHyr1cEP0,South Park Coalition,0.68,0.76,-6.28,0.33,0.2,0.0,0.24,0.64,111.49
7p5GuB2pldSPPdjVOQ5xTm,7p5GuB2pldSPPdjVOQ5xTm,Brownhood,0.91,0.69,-5.72,0.12,0.08,0.01,0.1,0.74,109.43
5nLSgL93ndv2uGj8FrY6Iv,5nLSgL93ndv2uGj8FrY6Iv,Thee Suspect,0.92,0.48,-9.98,0.27,0.08,0.0,0.09,0.61,106.66
129UGN7LRFtvMzCf0h2Y8s,129UGN7LRFtvMzCf0h2Y8s,The Twinkle Brothers,0.83,0.48,-11.14,0.2,0.14,0.2,0.14,0.76,127.08
4GwWE7ttiyhLwYCwSj7eni,4GwWE7ttiyhLwYCwSj7eni,Carolyn Rodriguez,0.73,0.56,-8.3,0.12,0.12,0.0,0.24,0.49,112.59
0c8wV1AM6Kfnc55UBww5pG,0c8wV1AM6Kfnc55UBww5pG,Malow Mac,0.75,0.69,-6.93,0.19,0.18,0.0,0.14,0.66,95.82
2vFfTNPapo6KjTdHUxhVY8,2vFfTNPapo6KjTdHUxhVY8,Mr. Knightowl,0.69,0.69,-7.22,0.19,0.16,0.0,0.21,0.61,111.23
7HT3XXX0J4eoJn5MYBVnmf,7HT3XXX0J4eoJn5MYBVnmf,Cuete Yeska,0.67,0.71,-6.8,0.16,0.23,0.0,0.23,0.6,112.61
169dGCqUzDYKQzeR5sU2DT,169dGCqUzDYKQzeR5sU2DT,Wreckless Klan,0.66,0.49,-11.89,0.28,0.06,0.04,0.15,0.51,122.47
4JWrJWd0QAqRpComJtrIis,4JWrJWd0QAqRpComJtrIis,Lifestyl,0.85,0.6,-7.36,0.22,0.17,0.0,0.25,0.58,114.24
36HP5WX6lk5jGqQQMSO1Jj,36HP5WX6lk5jGqQQMSO1Jj,Stomper,0.78,0.62,-7.54,0.21,0.14,0.08,0.14,0.4,100.2
1oBvs0tctP8NmEPauqEWnY,1oBvs0tctP8NmEPauqEWnY,Sylford Walker,0.83,0.51,-8.93,0.1,0.08,0.09,0.16,0.76,131.52
7qxxovidg4eV9UNiu2LY4L,7qxxovidg4eV9UNiu2LY4L,Lil Bandit,0.73,0.71,-6.35,0.22,0.26,0.0,0.23,0.63,115.66
7DqvKC9ApuKJTk1oQbLi9Y,7DqvKC9ApuKJTk1oQbLi9Y,Clika 1,0.72,0.66,-7.2,0.25,0.14,0.0,0.2,0.6,108.08
2Ipk9GOgtdsYZb9r6hRF83,2Ipk9GOgtdsYZb9r6hRF83,Michael Palmer,0.71,0.56,-9.49,0.17,0.13,0.01,0.18,0.58,110.07
6B16XZWuJ9VERn7pXxCIda,6B16XZWuJ9VERn7pXxCIda,8Ball,0.77,0.68,-5.82,0.22,0.09,0.0,0.17,0.54,127.6
6pDFdYZARPitpkfm44UsOQ,6pDFdYZARPitpkfm44UsOQ,MJG,0.83,0.66,-7.94,0.19,0.02,0.0,0.18,0.61,136.03
0T5OJgMVjKIX3b3W3ekqOl,0T5OJgMVjKIX3b3W3ekqOl,Rocko,0.62,0.63,-6.39,0.25,0.1,0.0,0.18,0.47,125.16
1zT1cW7yHZo4jUwGIy8Z6P,1zT1cW7yHZo4jUwGIy8Z6P,Criminal Elament,0.71,0.6,-10.07,0.29,0.11,0.0,0.15,0.51,138.5
0LG78C5Mu1X0GpyqrjiTJd,0LG78C5Mu1X0GpyqrjiTJd,Misty In Roots,0.8,0.59,-7.64,0.07,0.04,0.08,0.24,0.72,130.11
3Wchq8WS6gi5nqA9pm6MQR,3Wchq8WS6gi5nqA9pm6MQR,Jah Stitch,0.74,0.52,-9.68,0.16,0.06,0.3,0.15,0.52,129.58
1fQvySchcTCuCk6tmnD17a,1fQvySchcTCuCk6tmnD17a,P.K.O.,0.78,0.59,-11.57,0.21,0.16,0.0,0.14,0.71,93.34
07VmOvmuBp9G0gb8BTrpn0,07VmOvmuBp9G0gb8BTrpn0,Mike Jones,0.74,0.71,-5.67,0.25,0.1,0.0,0.19,0.61,135.27
7tycJ8FDKH2GES20CnUa4D,7tycJ8FDKH2GES20CnUa4D,GT Garza,0.67,0.68,-5.69,0.17,0.08,0.0,0.24,0.43,126.02
31fdxsfcJFrOpgvwtQf5mv,31fdxsfcJFrOpgvwtQf5mv,PSK-13,0.77,0.56,-9.38,0.35,0.09,0.07,0.23,0.44,107.92
38HFp5OVCJTRO3GqFiOKdr,38HFp5OVCJTRO3GqFiOKdr,Young Trav,0.72,0.61,-8.52,0.22,0.15,0.0,0.16,0.44,115.21
0xJuAKhVgEfuiEXjyLEuC6,0xJuAKhVgEfuiEXjyLEuC6,Dennis Bovell,0.76,0.46,-13.63,0.19,0.11,0.33,0.14,0.66,113.24
42I1ZZbNNwRgJ4ERtk9l92,42I1ZZbNNwRgJ4ERtk9l92,Mister One,0.73,0.73,-6.03,0.13,0.11,0.51,0.15,0.65,118.54
53vU7rkyiBnzwJiNRtsVhP,53vU7rkyiBnzwJiNRtsVhP,El Dreamer,0.7,0.58,-9.22,0.11,0.29,0.0,0.19,0.57,122.25
266KnFu1bjR3mOqfh8UUP5,266KnFu1bjR3mOqfh8UUP5,Bam,0.71,0.71,-6.69,0.14,0.15,0.06,0.26,0.46,124.63
5oNgAs7j5XcBMzWv3HAnHG,5oNgAs7j5XcBMzWv3HAnHG,DJ Drama,0.6,0.64,-7.16,0.24,0.19,0.0,0.25,0.4,124.54
2VOFT3lVhcMPRoUo0vj0f7,2VOFT3lVhcMPRoUo0vj0f7,Ranking Joe,0.82,0.71,-6.7,0.1,0.16,0.0,0.22,0.84,143.86
0st5vgzw9XkH5ALJiUM1lE,0st5vgzw9XkH5ALJiUM1lE,Slim Thug,0.72,0.65,-5.45,0.24,0.1,0.0,0.18,0.39,127.0
3AdY4ZU741vIdM0oUNIDns,3AdY4ZU741vIdM0oUNIDns,New Ridaz,0.7,0.65,-5.6,0.08,0.21,0.0,0.12,0.62,128.47
6r0GI8lrFiaEcd4WJ5m3vo,6r0GI8lrFiaEcd4WJ5m3vo,Lone Star Ridaz,0.76,0.62,-6.32,0.23,0.11,0.0,0.19,0.51,122.16
72kiVqCJIy9eOnmLp8r0h7,72kiVqCJIy9eOnmLp8r0h7,The Revolutionaries,0.77,0.51,-11.28,0.07,0.03,0.82,0.11,0.72,127.87
2AAz6qvs77EPQh8pFoaj54,2AAz6qvs77EPQh8pFoaj54,Screwed Up Click,0.68,0.68,-6.63,0.29,0.11,0.02,0.2,0.61,112.38
2p0CE2108OEkCLDkmCtTOC,2p0CE2108OEkCLDkmCtTOC,Lil Menace,0.73,0.68,-5.87,0.16,0.11,0.0,0.2,0.61,119.94
